PRODUCT,DESC_1,Qty net,DATE_DELIV,
50,Hamburger 8,622,1/2/16,
50,Hamburger 8,30,1/4/16,
50,Hamburger 8,585,1/5/16,
50,Hamburger 8,342,1/6/16,
50,Hamburger 8,543,1/7/16,
50,Hamburger 8,651,1/8/16,
50,Hamburger 8,823,1/9/16,
50,Hamburger 8,9,1/11/16,
50,Hamburger 8,694,1/12/16,
50,Hamburger 8,339,1/13/16,
50,Hamburger 8,558,1/14/16,
50,Hamburger 8,553,1/15/16,
50,Hamburger 8,802,1/16/16,
50,Hamburger 8,4,1/18/16,
50,Hamburger 8,734,1/19/16,
50,Hamburger 8,347,1/20/16,
50,Hamburger 8,615,1/21/16,
50,Hamburger 8,561,1/22/16,
50,Hamburger 8,782,1/23/16,
50,Hamburger 8,8,1/24/16,
50,Hamburger 8,721,1/26/16,
50,Hamburger 8,341,1/27/16,
50,Hamburger 8,519,1/28/16,
50,Hamburger 8,604,1/29/16,
50,Hamburger 8,908,1/30/16,
50,Hamburger 8,12,2/1/16,
50,Hamburger 8,798,2/2/16,
50,Hamburger 8,315,2/3/16,
50,Hamburger 8,629,2/4/16,
50,Hamburger 8,698,2/5/16,
50,Hamburger 8,928,2/6/16,
50,Hamburger 8,3,2/8/16,
50,Hamburger 8,733,2/9/16,
50,Hamburger 8,351,2/10/16,
50,Hamburger 8,645,2/11/16,
50,Hamburger 8,638,2/12/16,
50,Hamburger 8,875,2/13/16,
50,Hamburger 8,616,2/16/16,
50,Hamburger 8,374,2/17/16,
50,Hamburger 8,555,2/18/16,
50,Hamburger 8,590,2/19/16,
50,Hamburger 8,884,2/20/16,
50,Hamburger 8,2,2/22/16,
50,Hamburger 8,860,2/23/16,
50,Hamburger 8,381,2/24/16,
50,Hamburger 8,655,2/25/16,
50,Hamburger 8,659,2/26/16,
50,Hamburger 8,910,2/27/16,
50,Hamburger 8,740,3/1/16,
50,Hamburger 8,284,3/2/16,
50,Hamburger 8,667,3/3/16,
50,Hamburger 8,656,3/4/16,
50,Hamburger 8,1000,3/5/16,
50,Hamburger 8,867,3/8/16,
50,Hamburger 8,425,3/9/16,
50,Hamburger 8,831,3/10/16,
50,Hamburger 8,608,3/11/16,
50,Hamburger 8,1123,3/12/16,
50,Hamburger 8,846,3/15/16,
50,Hamburger 8,412,3/16/16,
50,Hamburger 8,739,3/17/16,
50,Hamburger 8,800,3/18/16,
50,Hamburger 8,1189,3/19/16,
50,Hamburger 8,881,3/22/16,
50,Hamburger 8,468,3/23/16,
50,Hamburger 8,1023,3/24/16,
50,Hamburger 8,86,3/25/16,
50,Hamburger 8,1124,3/26/16,
50,Hamburger 8,775,3/29/16,
50,Hamburger 8,503,3/30/16,
50,Hamburger 8,787,3/31/16,
50,Hamburger 8,694,4/1/16,
50,Hamburger 8,1147,4/2/16,
50,Hamburger 8,3,4/4/16,
50,Hamburger 8,904,4/5/16,
50,Hamburger 8,393,4/6/16,
50,Hamburger 8,739,4/7/16,
50,Hamburger 8,709,4/8/16,
50,Hamburger 8,1151,4/9/16,
50,Hamburger 8,4,4/11/16,
50,Hamburger 8,875,4/12/16,
50,Hamburger 8,466,4/13/16,
50,Hamburger 8,830,4/14/16,
50,Hamburger 8,1244,4/15/16,
50,Hamburger 8,1583,4/16/16,
50,Hamburger 8,50,4/18/16,
50,Hamburger 8,1284,4/19/16,
50,Hamburger 8,695,4/20/16,
50,Hamburger 8,1200,4/21/16,
50,Hamburger 8,1445,4/22/16,
50,Hamburger 8,1865,4/23/16,
50,Hamburger 8,-1,4/24/16,
50,Hamburger 8,52,4/25/16,
50,Hamburger 8,1115,4/26/16,
50,Hamburger 8,691,4/27/16,
50,Hamburger 8,1011,4/28/16,
50,Hamburger 8,1293,4/29/16,
50,Hamburger 8,1608,4/30/16,
50,Hamburger 8,33,5/2/16,
50,Hamburger 8,1008,5/3/16,
50,Hamburger 8,555,5/4/16,
50,Hamburger 8,956,5/5/16,
50,Hamburger 8,1220,5/6/16,
50,Hamburger 8,1501,5/7/16,
50,Hamburger 8,51,5/9/16,
50,Hamburger 8,1069,5/10/16,
50,Hamburger 8,559,5/11/16,
50,Hamburger 8,986,5/12/16,
50,Hamburger 8,1012,5/13/16,
50,Hamburger 8,1618,5/14/16,
50,Hamburger 8,45,5/16/16,
50,Hamburger 8,926,5/17/16,
50,Hamburger 8,737,5/18/16,
50,Hamburger 8,1477,5/19/16,
50,Hamburger 8,1468,5/20/16,
50,Hamburger 8,2164,5/21/16,
50,Hamburger 8,43,5/22/16,
50,Hamburger 8,1162,5/24/16,
50,Hamburger 8,724,5/25/16,
50,Hamburger 8,1293,5/26/16,
50,Hamburger 8,1332,5/27/16,
50,Hamburger 8,1830,5/28/16,
50,Hamburger 8,64,5/30/16,
50,Hamburger 8,1375,5/31/16,
50,Hamburger 8,689,6/1/16,
50,Hamburger 8,1231,6/2/16,
50,Hamburger 8,1183,6/3/16,
50,Hamburger 8,1909,6/4/16,
50,Hamburger 8,50,6/6/16,
50,Hamburger 8,1077,6/7/16,
50,Hamburger 8,560,6/8/16,
50,Hamburger 8,1091,6/9/16,
50,Hamburger 8,1064,6/10/16,
50,Hamburger 8,1674,6/11/16,
50,Hamburger 8,44,6/13/16,
50,Hamburger 8,991,6/14/16,
50,Hamburger 8,664,6/15/16,
50,Hamburger 8,1104,6/16/16,
50,Hamburger 8,1173,6/17/16,
50,Hamburger 8,1923,6/18/16,
50,Hamburger 8,34,6/20/16,
50,Hamburger 8,1316,6/21/16,
50,Hamburger 8,717,6/22/16,
50,Hamburger 8,1402,6/23/16,
50,Hamburger 8,1640,6/24/16,
50,Hamburger 8,1676,6/25/16,
50,Hamburger 8,59,6/27/16,
50,Hamburger 8,1025,6/28/16,
50,Hamburger 8,1135,6/29/16,
50,Hamburger 8,2734,6/30/16,
50,Hamburger 8,66,7/1/16,
50,Hamburger 8,2246,7/2/16,
50,Hamburger 8,55,7/3/16,
50,Hamburger 8,17,7/4/16,
50,Hamburger 8,1349,7/5/16,
50,Hamburger 8,739,7/6/16,
50,Hamburger 8,1186,7/7/16,
50,Hamburger 8,1249,7/8/16,
50,Hamburger 8,1637,7/9/16,
50,Hamburger 8,36,7/11/16,
50,Hamburger 8,1038,7/12/16,
50,Hamburger 8,696,7/13/16,
50,Hamburger 8,1329,7/14/16,
50,Hamburger 8,1257,7/15/16,
50,Hamburger 8,1654,7/16/16,
50,Hamburger 8,86,7/18/16,
50,Hamburger 8,801,7/19/16,
50,Hamburger 8,671,7/20/16,
50,Hamburger 8,1219,7/21/16,
50,Hamburger 8,1225,7/22/16,
50,Hamburger 8,1783,7/23/16,
50,Hamburger 8,104,7/25/16,
50,Hamburger 8,1117,7/26/16,
50,Hamburger 8,655,7/27/16,
50,Hamburger 8,1258,7/28/16,
50,Hamburger 8,1359,7/29/16,
50,Hamburger 8,1912,7/30/16,
50,Hamburger 8,95,8/1/16,
50,Hamburger 8,1057,8/2/16,
50,Hamburger 8,635,8/3/16,
50,Hamburger 8,1131,8/4/16,
50,Hamburger 8,1243,8/5/16,
50,Hamburger 8,1743,8/6/16,
50,Hamburger 8,90,8/8/16,
50,Hamburger 8,1112,8/9/16,
50,Hamburger 8,644,8/10/16,
50,Hamburger 8,974,8/11/16,
50,Hamburger 8,1174,8/12/16,
50,Hamburger 8,1583,8/13/16,
50,Hamburger 8,72,8/15/16,
50,Hamburger 8,929,8/16/16,
50,Hamburger 8,428,8/17/16,
50,Hamburger 8,822,8/18/16,
50,Hamburger 8,1146,8/19/16,
50,Hamburger 8,1488,8/20/16,
50,Hamburger 8,59,8/22/16,
50,Hamburger 8,777,8/23/16,
50,Hamburger 8,711,8/24/16,
50,Hamburger 8,1011,8/25/16,
50,Hamburger 8,1093,8/26/16,
50,Hamburger 8,1394,8/27/16,
50,Hamburger 8,70,8/29/16,
50,Hamburger 8,969,8/30/16,
50,Hamburger 8,644,8/31/16,
50,Hamburger 8,922,9/1/16,
50,Hamburger 8,1226,9/2/16,
50,Hamburger 8,1576,9/3/16,
50,Hamburger 8,56,9/4/16,
50,Hamburger 8,2,9/5/16,
50,Hamburger 8,903,9/6/16,
50,Hamburger 8,573,9/7/16,
50,Hamburger 8,794,9/8/16,
50,Hamburger 8,948,9/9/16,
50,Hamburger 8,1215,9/10/16,
50,Hamburger 8,45,9/12/16,
50,Hamburger 8,776,9/13/16,
50,Hamburger 8,495,9/14/16,
50,Hamburger 8,853,9/15/16,
50,Hamburger 8,883,9/16/16,
50,Hamburger 8,1109,9/17/16,
50,Hamburger 8,53,9/19/16,
50,Hamburger 8,771,9/20/16,
50,Hamburger 8,506,9/21/16,
50,Hamburger 8,774,9/22/16,
50,Hamburger 8,861,9/23/16,
50,Hamburger 8,1232,9/24/16,
50,Hamburger 8,17,9/25/16,
50,Hamburger 8,68,9/26/16,
50,Hamburger 8,732,9/27/16,
50,Hamburger 8,455,9/28/16,
50,Hamburger 8,670,9/29/16,
50,Hamburger 8,704,9/30/16,
50,Hamburger 8,1002,10/1/16,
50,Hamburger 8,45,10/3/16,
50,Hamburger 8,644,10/4/16,
50,Hamburger 8,482,10/5/16,
50,Hamburger 8,674,10/6/16,
50,Hamburger 8,678,10/7/16,
50,Hamburger 8,993,10/8/16,
50,Hamburger 8,32,10/9/16,
50,Hamburger 8,739,10/11/16,
50,Hamburger 8,358,10/12/16,
50,Hamburger 8,557,10/13/16,
50,Hamburger 8,639,10/14/16,
50,Hamburger 8,976,10/15/16,
50,Hamburger 8,45,10/17/16,
50,Hamburger 8,668,10/18/16,
50,Hamburger 8,383,10/19/16,
50,Hamburger 8,688,10/20/16,
50,Hamburger 8,649,10/21/16,
50,Hamburger 8,850,10/22/16,
50,Hamburger 8,44,10/24/16,
50,Hamburger 8,717,10/25/16,
50,Hamburger 8,413,10/26/16,
50,Hamburger 8,661,10/27/16,
50,Hamburger 8,526,10/28/16,
50,Hamburger 8,847,10/29/16,
50,Hamburger 8,44,10/31/16,
50,Hamburger 8,698,11/1/16,
50,Hamburger 8,358,11/2/16,
50,Hamburger 8,699,11/3/16,
50,Hamburger 8,681,11/4/16,
50,Hamburger 8,885,11/5/16,
50,Hamburger 8,51,11/7/16,
50,Hamburger 8,759,11/8/16,
50,Hamburger 8,380,11/9/16,
50,Hamburger 8,720,11/10/16,
50,Hamburger 8,708,11/11/16,
50,Hamburger 8,933,11/12/16,
50,Hamburger 8,47,11/14/16,
50,Hamburger 8,803,11/15/16,
50,Hamburger 8,357,11/16/16,
50,Hamburger 8,710,11/17/16,
50,Hamburger 8,737,11/18/16,
50,Hamburger 8,944,11/19/16,
50,Hamburger 8,37,11/21/16,
50,Hamburger 8,647,11/22/16,
50,Hamburger 8,377,11/23/16,
50,Hamburger 8,573,11/24/16,
50,Hamburger 8,558,11/25/16,
50,Hamburger 8,810,11/26/16,
50,Hamburger 8,51,11/28/16,
50,Hamburger 8,629,11/29/16,
50,Hamburger 8,376,11/30/16,
50,Hamburger 8,624,12/1/16,
50,Hamburger 8,591,12/2/16,
50,Hamburger 8,941,12/3/16,
50,Hamburger 8,14,12/5/16,
50,Hamburger 8,671,12/6/16,
50,Hamburger 8,358,12/7/16,
50,Hamburger 8,583,12/8/16,
50,Hamburger 8,597,12/9/16,
50,Hamburger 8,808,12/10/16,
50,Hamburger 8,16,12/12/16,
50,Hamburger 8,618,12/13/16,
50,Hamburger 8,376,12/14/16,
50,Hamburger 8,522,12/15/16,
50,Hamburger 8,446,12/16/16,
50,Hamburger 8,703,12/17/16,
50,Hamburger 8,54,12/18/16,
50,Hamburger 8,35,12/19/16,
50,Hamburger 8,560,12/20/16,
50,Hamburger 8,339,12/21/16,
50,Hamburger 8,540,12/22/16,
50,Hamburger 8,429,12/23/16,
50,Hamburger 8,609,12/24/16,
50,Hamburger 8,428,12/27/16,
50,Hamburger 8,328,12/28/16,
50,Hamburger 8,492,12/29/16,
50,Hamburger 8,555,12/30/16,
50,Hamburger 8,593,12/31/16,
51,Hamburger 12,187,1/2/16,
51,Hamburger 12,216,1/4/16,
51,Hamburger 12,725,1/5/16,
51,Hamburger 12,118,1/6/16,
51,Hamburger 12,494,1/7/16,
51,Hamburger 12,448,1/8/16,
51,Hamburger 12,695,1/9/16,
51,Hamburger 12,554,1/12/16,
51,Hamburger 12,366,1/13/16,
51,Hamburger 12,438,1/14/16,
51,Hamburger 12,414,1/15/16,
51,Hamburger 12,632,1/16/16,
51,Hamburger 12,688,1/19/16,
51,Hamburger 12,291,1/20/16,
51,Hamburger 12,474,1/21/16,
51,Hamburger 12,389,1/22/16,
51,Hamburger 12,755,1/23/16,
51,Hamburger 12,665,1/26/16,
51,Hamburger 12,396,1/27/16,
51,Hamburger 12,484,1/28/16,
51,Hamburger 12,542,1/29/16,
51,Hamburger 12,735,1/30/16,
51,Hamburger 12,562,2/2/16,
51,Hamburger 12,282,2/3/16,
51,Hamburger 12,459,2/4/16,
51,Hamburger 12,438,2/5/16,
51,Hamburger 12,692,2/6/16,
51,Hamburger 12,539,2/9/16,
51,Hamburger 12,377,2/10/16,
51,Hamburger 12,453,2/11/16,
51,Hamburger 12,336,2/12/16,
51,Hamburger 12,776,2/13/16,
51,Hamburger 12,629,2/16/16,
51,Hamburger 12,304,2/17/16,
51,Hamburger 12,331,2/18/16,
51,Hamburger 12,539,2/19/16,
51,Hamburger 12,840,2/20/16,
51,Hamburger 12,757,2/23/16,
51,Hamburger 12,314,2/24/16,
51,Hamburger 12,416,2/25/16,
51,Hamburger 12,399,2/26/16,
51,Hamburger 12,785,2/27/16,
51,Hamburger 12,332,3/1/16,
51,Hamburger 12,247,3/2/16,
51,Hamburger 12,402,3/3/16,
51,Hamburger 12,369,3/4/16,
51,Hamburger 12,773,3/5/16,
51,Hamburger 12,527,3/8/16,
51,Hamburger 12,390,3/9/16,
51,Hamburger 12,397,3/10/16,
51,Hamburger 12,395,3/11/16,
51,Hamburger 12,903,3/12/16,
51,Hamburger 12,504,3/15/16,
51,Hamburger 12,541,3/16/16,
51,Hamburger 12,432,3/17/16,
51,Hamburger 12,460,3/18/16,
51,Hamburger 12,952,3/19/16,
51,Hamburger 12,595,3/22/16,
51,Hamburger 12,385,3/23/16,
51,Hamburger 12,455,3/24/16,
51,Hamburger 12,217,3/25/16,
51,Hamburger 12,747,3/26/16,
51,Hamburger 12,437,3/29/16,
51,Hamburger 12,269,3/30/16,
51,Hamburger 12,464,3/31/16,
51,Hamburger 12,417,4/1/16,
51,Hamburger 12,707,4/2/16,
51,Hamburger 12,572,4/5/16,
51,Hamburger 12,408,4/6/16,
51,Hamburger 12,563,4/7/16,
51,Hamburger 12,446,4/8/16,
51,Hamburger 12,790,4/9/16,
51,Hamburger 12,6,4/11/16,
51,Hamburger 12,767,4/12/16,
51,Hamburger 12,264,4/13/16,
51,Hamburger 12,666,4/14/16,
51,Hamburger 12,724,4/15/16,
51,Hamburger 12,1394,4/16/16,
51,Hamburger 12,884,4/19/16,
51,Hamburger 12,433,4/20/16,
51,Hamburger 12,945,4/21/16,
51,Hamburger 12,735,4/22/16,
51,Hamburger 12,1365,4/23/16,
51,Hamburger 12,829,4/26/16,
51,Hamburger 12,465,4/27/16,
51,Hamburger 12,698,4/28/16,
51,Hamburger 12,824,4/29/16,
51,Hamburger 12,1213,4/30/16,
51,Hamburger 12,783,5/3/16,
51,Hamburger 12,471,5/4/16,
51,Hamburger 12,771,5/5/16,
51,Hamburger 12,847,5/6/16,
51,Hamburger 12,1365,5/7/16,
51,Hamburger 12,715,5/10/16,
51,Hamburger 12,569,5/11/16,
51,Hamburger 12,644,5/12/16,
51,Hamburger 12,878,5/13/16,
51,Hamburger 12,1444,5/14/16,
51,Hamburger 12,1023,5/17/16,
51,Hamburger 12,480,5/18/16,
51,Hamburger 12,1355,5/19/16,
51,Hamburger 12,1775,5/20/16,
51,Hamburger 12,1720,5/21/16,
51,Hamburger 12,6,5/23/16,
51,Hamburger 12,858,5/24/16,
51,Hamburger 12,593,5/25/16,
51,Hamburger 12,958,5/26/16,
51,Hamburger 12,977,5/27/16,
51,Hamburger 12,1968,5/28/16,
51,Hamburger 12,994,5/31/16,
51,Hamburger 12,904,6/1/16,
51,Hamburger 12,1142,6/2/16,
51,Hamburger 12,1287,6/3/16,
51,Hamburger 12,1816,6/4/16,
51,Hamburger 12,273,6/7/16,
51,Hamburger 12,640,6/8/16,
51,Hamburger 12,768,6/9/16,
51,Hamburger 12,1030,6/10/16,
51,Hamburger 12,1506,6/11/16,
51,Hamburger 12,1114,6/14/16,
51,Hamburger 12,726,6/15/16,
51,Hamburger 12,1154,6/16/16,
51,Hamburger 12,1436,6/17/16,
51,Hamburger 12,1945,6/18/16,
51,Hamburger 12,0,6/19/16,
51,Hamburger 12,3,6/20/16,
51,Hamburger 12,743,6/21/16,
51,Hamburger 12,734,6/22/16,
51,Hamburger 12,1359,6/23/16,
51,Hamburger 12,585,6/24/16,
51,Hamburger 12,1777,6/25/16,
51,Hamburger 12,1248,6/28/16,
51,Hamburger 12,953,6/29/16,
51,Hamburger 12,1417,6/30/16,
51,Hamburger 12,59,7/1/16,
51,Hamburger 12,2187,7/2/16,
51,Hamburger 12,36,7/4/16,
51,Hamburger 12,938,7/5/16,
51,Hamburger 12,626,7/6/16,
51,Hamburger 12,973,7/7/16,
51,Hamburger 12,1019,7/8/16,
51,Hamburger 12,1637,7/9/16,
51,Hamburger 12,658,7/12/16,
51,Hamburger 12,352,7/13/16,
51,Hamburger 12,1038,7/14/16,
51,Hamburger 12,962,7/15/16,
51,Hamburger 12,1756,7/16/16,
51,Hamburger 12,681,7/19/16,
51,Hamburger 12,488,7/20/16,
51,Hamburger 12,586,7/21/16,
51,Hamburger 12,1012,7/22/16,
51,Hamburger 12,1670,7/23/16,
51,Hamburger 12,1,7/25/16,
51,Hamburger 12,898,7/26/16,
51,Hamburger 12,550,7/27/16,
51,Hamburger 12,1065,7/28/16,
51,Hamburger 12,1080,7/29/16,
51,Hamburger 12,1445,7/30/16,
51,Hamburger 12,679,8/2/16,
51,Hamburger 12,552,8/3/16,
51,Hamburger 12,1057,8/4/16,
51,Hamburger 12,1083,8/5/16,
51,Hamburger 12,1959,8/6/16,
51,Hamburger 12,920,8/9/16,
51,Hamburger 12,465,8/10/16,
51,Hamburger 12,878,8/11/16,
51,Hamburger 12,854,8/12/16,
51,Hamburger 12,1403,8/13/16,
51,Hamburger 12,747,8/16/16,
51,Hamburger 12,437,8/17/16,
51,Hamburger 12,888,8/18/16,
51,Hamburger 12,734,8/19/16,
51,Hamburger 12,1498,8/20/16,
51,Hamburger 12,749,8/23/16,
51,Hamburger 12,447,8/24/16,
51,Hamburger 12,717,8/25/16,
51,Hamburger 12,798,8/26/16,
51,Hamburger 12,1224,8/27/16,
51,Hamburger 12,806,8/30/16,
51,Hamburger 12,527,8/31/16,
51,Hamburger 12,962,9/1/16,
51,Hamburger 12,943,9/2/16,
51,Hamburger 12,1174,9/3/16,
51,Hamburger 12,708,9/6/16,
51,Hamburger 12,442,9/7/16,
51,Hamburger 12,686,9/8/16,
51,Hamburger 12,777,9/9/16,
51,Hamburger 12,1062,9/10/16,
51,Hamburger 12,810,9/13/16,
51,Hamburger 12,322,9/14/16,
51,Hamburger 12,649,9/15/16,
51,Hamburger 12,589,9/16/16,
51,Hamburger 12,1077,9/17/16,
51,Hamburger 12,716,9/20/16,
51,Hamburger 12,412,9/21/16,
51,Hamburger 12,677,9/22/16,
51,Hamburger 12,985,9/23/16,
51,Hamburger 12,1263,9/24/16,
51,Hamburger 12,706,9/27/16,
51,Hamburger 12,432,9/28/16,
51,Hamburger 12,603,9/29/16,
51,Hamburger 12,769,9/30/16,
51,Hamburger 12,1175,10/1/16,
51,Hamburger 12,6,10/3/16,
51,Hamburger 12,517,10/4/16,
51,Hamburger 12,279,10/5/16,
51,Hamburger 12,510,10/6/16,
51,Hamburger 12,592,10/7/16,
51,Hamburger 12,788,10/8/16,
51,Hamburger 12,701,10/11/16,
51,Hamburger 12,282,10/12/16,
51,Hamburger 12,557,10/13/16,
51,Hamburger 12,561,10/14/16,
51,Hamburger 12,860,10/15/16,
51,Hamburger 12,561,10/18/16,
51,Hamburger 12,349,10/19/16,
51,Hamburger 12,438,10/20/16,
51,Hamburger 12,650,10/21/16,
51,Hamburger 12,788,10/22/16,
51,Hamburger 12,501,10/25/16,
51,Hamburger 12,275,10/26/16,
51,Hamburger 12,525,10/27/16,
51,Hamburger 12,467,10/28/16,
51,Hamburger 12,768,10/29/16,
51,Hamburger 12,578,11/1/16,
51,Hamburger 12,316,11/2/16,
51,Hamburger 12,468,11/3/16,
51,Hamburger 12,517,11/4/16,
51,Hamburger 12,849,11/5/16,
51,Hamburger 12,617,11/8/16,
51,Hamburger 12,541,11/9/16,
51,Hamburger 12,582,11/10/16,
51,Hamburger 12,456,11/11/16,
51,Hamburger 12,833,11/12/16,
51,Hamburger 12,659,11/15/16,
51,Hamburger 12,322,11/16/16,
51,Hamburger 12,496,11/17/16,
51,Hamburger 12,625,11/18/16,
51,Hamburger 12,855,11/19/16,
51,Hamburger 12,653,11/22/16,
51,Hamburger 12,268,11/23/16,
51,Hamburger 12,417,11/24/16,
51,Hamburger 12,520,11/25/16,
51,Hamburger 12,877,11/26/16,
51,Hamburger 12,572,11/29/16,
51,Hamburger 12,239,11/30/16,
51,Hamburger 12,559,12/1/16,
51,Hamburger 12,484,12/2/16,
51,Hamburger 12,758,12/3/16,
51,Hamburger 12,618,12/6/16,
51,Hamburger 12,181,12/7/16,
51,Hamburger 12,492,12/8/16,
51,Hamburger 12,403,12/9/16,
51,Hamburger 12,732,12/10/16,
51,Hamburger 12,561,12/13/16,
51,Hamburger 12,262,12/14/16,
51,Hamburger 12,445,12/15/16,
51,Hamburger 12,640,12/16/16,
51,Hamburger 12,1004,12/17/16,
51,Hamburger 12,471,12/20/16,
51,Hamburger 12,248,12/21/16,
51,Hamburger 12,434,12/22/16,
51,Hamburger 12,422,12/23/16,
51,Hamburger 12,511,12/24/16,
51,Hamburger 12,358,12/27/16,
51,Hamburger 12,183,12/28/16,
51,Hamburger 12,383,12/29/16,
51,Hamburger 12,333,12/30/16,
51,Hamburger 12,560,12/31/16,
52,"Hamburger 4"" 12",139,1/2/16,
52,"Hamburger 4"" 12",300,1/5/16,
52,"Hamburger 4"" 12",45,1/6/16,
52,"Hamburger 4"" 12",160,1/7/16,
52,"Hamburger 4"" 12",96,1/8/16,
52,"Hamburger 4"" 12",136,1/9/16,
52,"Hamburger 4"" 12",310,1/12/16,
52,"Hamburger 4"" 12",71,1/13/16,
52,"Hamburger 4"" 12",180,1/14/16,
52,"Hamburger 4"" 12",194,1/15/16,
52,"Hamburger 4"" 12",264,1/16/16,
52,"Hamburger 4"" 12",190,1/19/16,
52,"Hamburger 4"" 12",76,1/20/16,
52,"Hamburger 4"" 12",131,1/21/16,
52,"Hamburger 4"" 12",97,1/22/16,
52,"Hamburger 4"" 12",300,1/23/16,
52,"Hamburger 4"" 12",224,1/26/16,
52,"Hamburger 4"" 12",199,1/27/16,
52,"Hamburger 4"" 12",219,1/28/16,
52,"Hamburger 4"" 12",148,1/29/16,
52,"Hamburger 4"" 12",144,1/30/16,
52,"Hamburger 4"" 12",280,2/2/16,
52,"Hamburger 4"" 12",102,2/3/16,
52,"Hamburger 4"" 12",151,2/4/16,
52,"Hamburger 4"" 12",193,2/5/16,
52,"Hamburger 4"" 12",169,2/6/16,
52,"Hamburger 4"" 12",219,2/9/16,
52,"Hamburger 4"" 12",78,2/10/16,
52,"Hamburger 4"" 12",173,2/11/16,
52,"Hamburger 4"" 12",203,2/12/16,
52,"Hamburger 4"" 12",282,2/13/16,
52,"Hamburger 4"" 12",269,2/16/16,
52,"Hamburger 4"" 12",86,2/17/16,
52,"Hamburger 4"" 12",173,2/18/16,
52,"Hamburger 4"" 12",193,2/19/16,
52,"Hamburger 4"" 12",325,2/20/16,
52,"Hamburger 4"" 12",3,2/22/16,
52,"Hamburger 4"" 12",253,2/23/16,
52,"Hamburger 4"" 12",111,2/24/16,
52,"Hamburger 4"" 12",231,2/25/16,
52,"Hamburger 4"" 12",154,2/26/16,
52,"Hamburger 4"" 12",307,2/27/16,
52,"Hamburger 4"" 12",490,3/1/16,
52,"Hamburger 4"" 12",83,3/2/16,
52,"Hamburger 4"" 12",203,3/3/16,
52,"Hamburger 4"" 12",109,3/4/16,
52,"Hamburger 4"" 12",269,3/5/16,
52,"Hamburger 4"" 12",405,3/8/16,
52,"Hamburger 4"" 12",65,3/9/16,
52,"Hamburger 4"" 12",187,3/10/16,
52,"Hamburger 4"" 12",114,3/11/16,
52,"Hamburger 4"" 12",365,3/12/16,
52,"Hamburger 4"" 12",314,3/15/16,
52,"Hamburger 4"" 12",112,3/16/16,
52,"Hamburger 4"" 12",235,3/17/16,
52,"Hamburger 4"" 12",188,3/18/16,
52,"Hamburger 4"" 12",365,3/19/16,
52,"Hamburger 4"" 12",284,3/22/16,
52,"Hamburger 4"" 12",84,3/23/16,
52,"Hamburger 4"" 12",357,3/24/16,
52,"Hamburger 4"" 12",28,3/25/16,
52,"Hamburger 4"" 12",492,3/26/16,
52,"Hamburger 4"" 12",326,3/29/16,
52,"Hamburger 4"" 12",88,3/30/16,
52,"Hamburger 4"" 12",269,3/31/16,
52,"Hamburger 4"" 12",185,4/1/16,
52,"Hamburger 4"" 12",388,4/2/16,
52,"Hamburger 4"" 12",1,4/4/16,
52,"Hamburger 4"" 12",445,4/5/16,
52,"Hamburger 4"" 12",103,4/6/16,
52,"Hamburger 4"" 12",258,4/7/16,
52,"Hamburger 4"" 12",162,4/8/16,
52,"Hamburger 4"" 12",247,4/9/16,
52,"Hamburger 4"" 12",384,4/12/16,
52,"Hamburger 4"" 12",125,4/13/16,
52,"Hamburger 4"" 12",290,4/14/16,
52,"Hamburger 4"" 12",308,4/15/16,
52,"Hamburger 4"" 12",389,4/16/16,
52,"Hamburger 4"" 12",1,4/18/16,
52,"Hamburger 4"" 12",436,4/19/16,
52,"Hamburger 4"" 12",165,4/20/16,
52,"Hamburger 4"" 12",697,4/21/16,
52,"Hamburger 4"" 12",284,4/22/16,
52,"Hamburger 4"" 12",553,4/23/16,
52,"Hamburger 4"" 12",12,4/25/16,
52,"Hamburger 4"" 12",535,4/26/16,
52,"Hamburger 4"" 12",232,4/27/16,
52,"Hamburger 4"" 12",563,4/28/16,
52,"Hamburger 4"" 12",365,4/29/16,
52,"Hamburger 4"" 12",587,4/30/16,
52,"Hamburger 4"" 12",12,5/2/16,
52,"Hamburger 4"" 12",601,5/3/16,
52,"Hamburger 4"" 12",196,5/4/16,
52,"Hamburger 4"" 12",579,5/5/16,
52,"Hamburger 4"" 12",485,5/6/16,
52,"Hamburger 4"" 12",783,5/7/16,
52,"Hamburger 4"" 12",5,5/9/16,
52,"Hamburger 4"" 12",651,5/10/16,
52,"Hamburger 4"" 12",172,5/11/16,
52,"Hamburger 4"" 12",706,5/12/16,
52,"Hamburger 4"" 12",515,5/13/16,
52,"Hamburger 4"" 12",518,5/14/16,
52,"Hamburger 4"" 12",9,5/16/16,
52,"Hamburger 4"" 12",549,5/17/16,
52,"Hamburger 4"" 12",344,5/18/16,
52,"Hamburger 4"" 12",933,5/19/16,
52,"Hamburger 4"" 12",541,5/20/16,
52,"Hamburger 4"" 12",830,5/21/16,
52,"Hamburger 4"" 12",705,5/24/16,
52,"Hamburger 4"" 12",201,5/25/16,
52,"Hamburger 4"" 12",1036,5/26/16,
52,"Hamburger 4"" 12",605,5/27/16,
52,"Hamburger 4"" 12",591,5/28/16,
52,"Hamburger 4"" 12",9,5/30/16,
52,"Hamburger 4"" 12",580,5/31/16,
52,"Hamburger 4"" 12",395,6/1/16,
52,"Hamburger 4"" 12",969,6/2/16,
52,"Hamburger 4"" 12",533,6/3/16,
52,"Hamburger 4"" 12",867,6/4/16,
52,"Hamburger 4"" 12",11,6/6/16,
52,"Hamburger 4"" 12",33,6/7/16,
52,"Hamburger 4"" 12",394,6/8/16,
52,"Hamburger 4"" 12",1027,6/9/16,
52,"Hamburger 4"" 12",650,6/10/16,
52,"Hamburger 4"" 12",490,6/11/16,
52,"Hamburger 4"" 12",1,6/13/16,
52,"Hamburger 4"" 12",584,6/14/16,
52,"Hamburger 4"" 12",297,6/15/16,
52,"Hamburger 4"" 12",770,6/16/16,
52,"Hamburger 4"" 12",528,6/17/16,
52,"Hamburger 4"" 12",721,6/18/16,
52,"Hamburger 4"" 12",588,6/21/16,
52,"Hamburger 4"" 12",403,6/22/16,
52,"Hamburger 4"" 12",643,6/23/16,
52,"Hamburger 4"" 12",509,6/24/16,
52,"Hamburger 4"" 12",743,6/25/16,
52,"Hamburger 4"" 12",754,6/28/16,
52,"Hamburger 4"" 12",704,6/29/16,
52,"Hamburger 4"" 12",1194,6/30/16,
52,"Hamburger 4"" 12",86,7/1/16,
52,"Hamburger 4"" 12",1060,7/2/16,
52,"Hamburger 4"" 12",17,7/3/16,
52,"Hamburger 4"" 12",816,7/5/16,
52,"Hamburger 4"" 12",432,7/6/16,
52,"Hamburger 4"" 12",761,7/7/16,
52,"Hamburger 4"" 12",859,7/8/16,
52,"Hamburger 4"" 12",650,7/9/16,
52,"Hamburger 4"" 12",603,7/12/16,
52,"Hamburger 4"" 12",309,7/13/16,
52,"Hamburger 4"" 12",1375,7/14/16,
52,"Hamburger 4"" 12",411,7/15/16,
52,"Hamburger 4"" 12",594,7/16/16,
52,"Hamburger 4"" 12",12,7/18/16,
52,"Hamburger 4"" 12",610,7/19/16,
52,"Hamburger 4"" 12",290,7/20/16,
52,"Hamburger 4"" 12",799,7/21/16,
52,"Hamburger 4"" 12",727,7/22/16,
52,"Hamburger 4"" 12",667,7/23/16,
52,"Hamburger 4"" 12",579,7/26/16,
52,"Hamburger 4"" 12",267,7/27/16,
52,"Hamburger 4"" 12",1002,7/28/16,
52,"Hamburger 4"" 12",739,7/29/16,
52,"Hamburger 4"" 12",899,7/30/16,
52,"Hamburger 4"" 12",751,8/2/16,
52,"Hamburger 4"" 12",286,8/3/16,
52,"Hamburger 4"" 12",668,8/4/16,
52,"Hamburger 4"" 12",855,8/5/16,
52,"Hamburger 4"" 12",823,8/6/16,
52,"Hamburger 4"" 12",9,8/8/16,
52,"Hamburger 4"" 12",596,8/9/16,
52,"Hamburger 4"" 12",243,8/10/16,
52,"Hamburger 4"" 12",799,8/11/16,
52,"Hamburger 4"" 12",782,8/12/16,
52,"Hamburger 4"" 12",694,8/13/16,
52,"Hamburger 4"" 12",9,8/15/16,
52,"Hamburger 4"" 12",550,8/16/16,
52,"Hamburger 4"" 12",394,8/17/16,
52,"Hamburger 4"" 12",615,8/18/16,
52,"Hamburger 4"" 12",854,8/19/16,
52,"Hamburger 4"" 12",774,8/20/16,
52,"Hamburger 4"" 12",1,8/22/16,
52,"Hamburger 4"" 12",687,8/23/16,
52,"Hamburger 4"" 12",320,8/24/16,
52,"Hamburger 4"" 12",646,8/25/16,
52,"Hamburger 4"" 12",514,8/26/16,
52,"Hamburger 4"" 12",823,8/27/16,
52,"Hamburger 4"" 12",-2,8/29/16,
52,"Hamburger 4"" 12",646,8/30/16,
52,"Hamburger 4"" 12",161,8/31/16,
52,"Hamburger 4"" 12",668,9/1/16,
52,"Hamburger 4"" 12",420,9/2/16,
52,"Hamburger 4"" 12",702,9/3/16,
52,"Hamburger 4"" 12",10,9/4/16,
52,"Hamburger 4"" 12",521,9/6/16,
52,"Hamburger 4"" 12",221,9/7/16,
52,"Hamburger 4"" 12",585,9/8/16,
52,"Hamburger 4"" 12",533,9/9/16,
52,"Hamburger 4"" 12",556,9/10/16,
52,"Hamburger 4"" 12",11,9/12/16,
52,"Hamburger 4"" 12",509,9/13/16,
52,"Hamburger 4"" 12",275,9/14/16,
52,"Hamburger 4"" 12",460,9/15/16,
52,"Hamburger 4"" 12",459,9/16/16,
52,"Hamburger 4"" 12",307,9/17/16,
52,"Hamburger 4"" 12",424,9/20/16,
52,"Hamburger 4"" 12",331,9/21/16,
52,"Hamburger 4"" 12",646,9/22/16,
52,"Hamburger 4"" 12",471,9/23/16,
52,"Hamburger 4"" 12",705,9/24/16,
52,"Hamburger 4"" 12",431,9/27/16,
52,"Hamburger 4"" 12",54,9/28/16,
52,"Hamburger 4"" 12",336,9/29/16,
52,"Hamburger 4"" 12",385,9/30/16,
52,"Hamburger 4"" 12",356,10/1/16,
52,"Hamburger 4"" 12",254,10/4/16,
52,"Hamburger 4"" 12",159,10/5/16,
52,"Hamburger 4"" 12",532,10/6/16,
52,"Hamburger 4"" 12",296,10/7/16,
52,"Hamburger 4"" 12",434,10/8/16,
52,"Hamburger 4"" 12",260,10/11/16,
52,"Hamburger 4"" 12",121,10/12/16,
52,"Hamburger 4"" 12",242,10/13/16,
52,"Hamburger 4"" 12",387,10/14/16,
52,"Hamburger 4"" 12",371,10/15/16,
52,"Hamburger 4"" 12",438,10/18/16,
52,"Hamburger 4"" 12",151,10/19/16,
52,"Hamburger 4"" 12",223,10/20/16,
52,"Hamburger 4"" 12",243,10/21/16,
52,"Hamburger 4"" 12",376,10/22/16,
52,"Hamburger 4"" 12",294,10/25/16,
52,"Hamburger 4"" 12",117,10/26/16,
52,"Hamburger 4"" 12",210,10/27/16,
52,"Hamburger 4"" 12",147,10/28/16,
52,"Hamburger 4"" 12",268,10/29/16,
52,"Hamburger 4"" 12",292,11/1/16,
52,"Hamburger 4"" 12",234,11/2/16,
52,"Hamburger 4"" 12",208,11/3/16,
52,"Hamburger 4"" 12",342,11/4/16,
52,"Hamburger 4"" 12",439,11/5/16,
52,"Hamburger 4"" 12",287,11/8/16,
52,"Hamburger 4"" 12",273,11/9/16,
52,"Hamburger 4"" 12",201,11/10/16,
52,"Hamburger 4"" 12",300,11/11/16,
52,"Hamburger 4"" 12",489,11/12/16,
52,"Hamburger 4"" 12",1,11/14/16,
52,"Hamburger 4"" 12",301,11/15/16,
52,"Hamburger 4"" 12",149,11/16/16,
52,"Hamburger 4"" 12",189,11/17/16,
52,"Hamburger 4"" 12",152,11/18/16,
52,"Hamburger 4"" 12",465,11/19/16,
52,"Hamburger 4"" 12",261,11/22/16,
52,"Hamburger 4"" 12",99,11/23/16,
52,"Hamburger 4"" 12",173,11/24/16,
52,"Hamburger 4"" 12",154,11/25/16,
52,"Hamburger 4"" 12",239,11/26/16,
52,"Hamburger 4"" 12",1,11/28/16,
52,"Hamburger 4"" 12",331,11/29/16,
52,"Hamburger 4"" 12",149,11/30/16,
52,"Hamburger 4"" 12",245,12/1/16,
52,"Hamburger 4"" 12",420,12/2/16,
52,"Hamburger 4"" 12",447,12/3/16,
52,"Hamburger 4"" 12",224,12/6/16,
52,"Hamburger 4"" 12",103,12/7/16,
52,"Hamburger 4"" 12",157,12/8/16,
52,"Hamburger 4"" 12",208,12/9/16,
52,"Hamburger 4"" 12",345,12/10/16,
52,"Hamburger 4"" 12",232,12/13/16,
52,"Hamburger 4"" 12",60,12/14/16,
52,"Hamburger 4"" 12",117,12/15/16,
52,"Hamburger 4"" 12",116,12/16/16,
52,"Hamburger 4"" 12",364,12/17/16,
52,"Hamburger 4"" 12",180,12/20/16,
52,"Hamburger 4"" 12",149,12/21/16,
52,"Hamburger 4"" 12",167,12/22/16,
52,"Hamburger 4"" 12",87,12/23/16,
52,"Hamburger 4"" 12",116,12/24/16,
52,"Hamburger 4"" 12",221,12/27/16,
52,"Hamburger 4"" 12",147,12/28/16,
52,"Hamburger 4"" 12",244,12/29/16,
52,"Hamburger 4"" 12",334,12/30/16,
52,"Hamburger 4"" 12",333,12/31/16,
54,"Hamburger sésame 4"" 12",683,1/2/16,
54,"Hamburger sésame 4"" 12",350,1/4/16,
54,"Hamburger sésame 4"" 12",848,1/5/16,
54,"Hamburger sésame 4"" 12",362,1/6/16,
54,"Hamburger sésame 4"" 12",800,1/7/16,
54,"Hamburger sésame 4"" 12",764,1/8/16,
54,"Hamburger sésame 4"" 12",1396,1/9/16,
54,"Hamburger sésame 4"" 12",6,1/11/16,
54,"Hamburger sésame 4"" 12",840,1/12/16,
54,"Hamburger sésame 4"" 12",592,1/13/16,
54,"Hamburger sésame 4"" 12",780,1/14/16,
54,"Hamburger sésame 4"" 12",659,1/15/16,
54,"Hamburger sésame 4"" 12",1246,1/16/16,
54,"Hamburger sésame 4"" 12",-1,1/18/16,
54,"Hamburger sésame 4"" 12",839,1/19/16,
54,"Hamburger sésame 4"" 12",511,1/20/16,
54,"Hamburger sésame 4"" 12",700,1/21/16,
54,"Hamburger sésame 4"" 12",649,1/22/16,
54,"Hamburger sésame 4"" 12",1196,1/23/16,
54,"Hamburger sésame 4"" 12",6,1/24/16,
54,"Hamburger sésame 4"" 12",826,1/26/16,
54,"Hamburger sésame 4"" 12",460,1/27/16,
54,"Hamburger sésame 4"" 12",762,1/28/16,
54,"Hamburger sésame 4"" 12",650,1/29/16,
54,"Hamburger sésame 4"" 12",1425,1/30/16,
54,"Hamburger sésame 4"" 12",900,2/2/16,
54,"Hamburger sésame 4"" 12",484,2/3/16,
54,"Hamburger sésame 4"" 12",842,2/4/16,
54,"Hamburger sésame 4"" 12",675,2/5/16,
54,"Hamburger sésame 4"" 12",1434,2/6/16,
54,"Hamburger sésame 4"" 12",14,2/8/16,
54,"Hamburger sésame 4"" 12",839,2/9/16,
54,"Hamburger sésame 4"" 12",483,2/10/16,
54,"Hamburger sésame 4"" 12",744,2/11/16,
54,"Hamburger sésame 4"" 12",673,2/12/16,
54,"Hamburger sésame 4"" 12",1121,2/13/16,
54,"Hamburger sésame 4"" 12",656,2/16/16,
54,"Hamburger sésame 4"" 12",528,2/17/16,
54,"Hamburger sésame 4"" 12",671,2/18/16,
54,"Hamburger sésame 4"" 12",693,2/19/16,
54,"Hamburger sésame 4"" 12",1148,2/20/16,
54,"Hamburger sésame 4"" 12",5,2/21/16,
54,"Hamburger sésame 4"" 12",8,2/22/16,
54,"Hamburger sésame 4"" 12",996,2/23/16,
54,"Hamburger sésame 4"" 12",512,2/24/16,
54,"Hamburger sésame 4"" 12",844,2/25/16,
54,"Hamburger sésame 4"" 12",724,2/26/16,
54,"Hamburger sésame 4"" 12",1282,2/27/16,
54,"Hamburger sésame 4"" 12",13,2/29/16,
54,"Hamburger sésame 4"" 12",853,3/1/16,
54,"Hamburger sésame 4"" 12",479,3/2/16,
54,"Hamburger sésame 4"" 12",836,3/3/16,
54,"Hamburger sésame 4"" 12",688,3/4/16,
54,"Hamburger sésame 4"" 12",1375,3/5/16,
54,"Hamburger sésame 4"" 12",930,3/8/16,
54,"Hamburger sésame 4"" 12",547,3/9/16,
54,"Hamburger sésame 4"" 12",958,3/10/16,
54,"Hamburger sésame 4"" 12",857,3/11/16,
54,"Hamburger sésame 4"" 12",1567,3/12/16,
54,"Hamburger sésame 4"" 12",2,3/14/16,
54,"Hamburger sésame 4"" 12",1117,3/15/16,
54,"Hamburger sésame 4"" 12",550,3/16/16,
54,"Hamburger sésame 4"" 12",1048,3/17/16,
54,"Hamburger sésame 4"" 12",848,3/18/16,
54,"Hamburger sésame 4"" 12",1577,3/19/16,
54,"Hamburger sésame 4"" 12",1145,3/22/16,
54,"Hamburger sésame 4"" 12",644,3/23/16,
54,"Hamburger sésame 4"" 12",1178,3/24/16,
54,"Hamburger sésame 4"" 12",187,3/25/16,
54,"Hamburger sésame 4"" 12",1582,3/26/16,
54,"Hamburger sésame 4"" 12",882,3/29/16,
54,"Hamburger sésame 4"" 12",650,3/30/16,
54,"Hamburger sésame 4"" 12",889,3/31/16,
54,"Hamburger sésame 4"" 12",963,4/1/16,
54,"Hamburger sésame 4"" 12",1482,4/2/16,
54,"Hamburger sésame 4"" 12",6,4/4/16,
54,"Hamburger sésame 4"" 12",1166,4/5/16,
54,"Hamburger sésame 4"" 12",663,4/6/16,
54,"Hamburger sésame 4"" 12",1069,4/7/16,
54,"Hamburger sésame 4"" 12",771,4/8/16,
54,"Hamburger sésame 4"" 12",1738,4/9/16,
54,"Hamburger sésame 4"" 12",1128,4/12/16,
54,"Hamburger sésame 4"" 12",640,4/13/16,
54,"Hamburger sésame 4"" 12",1222,4/14/16,
54,"Hamburger sésame 4"" 12",1379,4/15/16,
54,"Hamburger sésame 4"" 12",2320,4/16/16,
54,"Hamburger sésame 4"" 12",10,4/18/16,
54,"Hamburger sésame 4"" 12",1734,4/19/16,
54,"Hamburger sésame 4"" 12",972,4/20/16,
54,"Hamburger sésame 4"" 12",1923,4/21/16,
54,"Hamburger sésame 4"" 12",1537,4/22/16,
54,"Hamburger sésame 4"" 12",2897,4/23/16,
54,"Hamburger sésame 4"" 12",21,4/25/16,
54,"Hamburger sésame 4"" 12",1624,4/26/16,
54,"Hamburger sésame 4"" 12",899,4/27/16,
54,"Hamburger sésame 4"" 12",1667,4/28/16,
54,"Hamburger sésame 4"" 12",1508,4/29/16,
54,"Hamburger sésame 4"" 12",2347,4/30/16,
54,"Hamburger sésame 4"" 12",83,5/2/16,
54,"Hamburger sésame 4"" 12",1727,5/3/16,
54,"Hamburger sésame 4"" 12",883,5/4/16,
54,"Hamburger sésame 4"" 12",1934,5/5/16,
54,"Hamburger sésame 4"" 12",1713,5/6/16,
54,"Hamburger sésame 4"" 12",2805,5/7/16,
54,"Hamburger sésame 4"" 12",59,5/9/16,
54,"Hamburger sésame 4"" 12",1984,5/10/16,
54,"Hamburger sésame 4"" 12",876,5/11/16,
54,"Hamburger sésame 4"" 12",2007,5/12/16,
54,"Hamburger sésame 4"" 12",1601,5/13/16,
54,"Hamburger sésame 4"" 12",2498,5/14/16,
54,"Hamburger sésame 4"" 12",45,5/16/16,
54,"Hamburger sésame 4"" 12",1643,5/17/16,
54,"Hamburger sésame 4"" 12",1156,5/18/16,
54,"Hamburger sésame 4"" 12",2465,5/19/16,
54,"Hamburger sésame 4"" 12",2527,5/20/16,
54,"Hamburger sésame 4"" 12",2725,5/21/16,
54,"Hamburger sésame 4"" 12",35,5/22/16,
54,"Hamburger sésame 4"" 12",5,5/23/16,
54,"Hamburger sésame 4"" 12",1557,5/24/16,
54,"Hamburger sésame 4"" 12",1259,5/25/16,
54,"Hamburger sésame 4"" 12",2674,5/26/16,
54,"Hamburger sésame 4"" 12",2198,5/27/16,
54,"Hamburger sésame 4"" 12",3190,5/28/16,
54,"Hamburger sésame 4"" 12",82,5/30/16,
54,"Hamburger sésame 4"" 12",2258,5/31/16,
54,"Hamburger sésame 4"" 12",1347,6/1/16,
54,"Hamburger sésame 4"" 12",2051,6/2/16,
54,"Hamburger sésame 4"" 12",2020,6/3/16,
54,"Hamburger sésame 4"" 12",3227,6/4/16,
54,"Hamburger sésame 4"" 12",109,6/6/16,
54,"Hamburger sésame 4"" 12",1158,6/7/16,
54,"Hamburger sésame 4"" 12",1232,6/8/16,
54,"Hamburger sésame 4"" 12",1869,6/9/16,
54,"Hamburger sésame 4"" 12",2098,6/10/16,
54,"Hamburger sésame 4"" 12",2681,6/11/16,
54,"Hamburger sésame 4"" 12",59,6/13/16,
54,"Hamburger sésame 4"" 12",1558,6/14/16,
54,"Hamburger sésame 4"" 12",1076,6/15/16,
54,"Hamburger sésame 4"" 12",2119,6/16/16,
54,"Hamburger sésame 4"" 12",2364,6/17/16,
54,"Hamburger sésame 4"" 12",3499,6/18/16,
54,"Hamburger sésame 4"" 12",0,6/19/16,
54,"Hamburger sésame 4"" 12",52,6/20/16,
54,"Hamburger sésame 4"" 12",1416,6/21/16,
54,"Hamburger sésame 4"" 12",1511,6/22/16,
54,"Hamburger sésame 4"" 12",2221,6/23/16,
54,"Hamburger sésame 4"" 12",2256,6/24/16,
54,"Hamburger sésame 4"" 12",3141,6/25/16,
54,"Hamburger sésame 4"" 12",69,6/27/16,
54,"Hamburger sésame 4"" 12",660,6/28/16,
54,"Hamburger sésame 4"" 12",1981,6/29/16,
54,"Hamburger sésame 4"" 12",2276,6/30/16,
54,"Hamburger sésame 4"" 12",48,7/1/16,
54,"Hamburger sésame 4"" 12",3817,7/2/16,
54,"Hamburger sésame 4"" 12",17,7/3/16,
54,"Hamburger sésame 4"" 12",16,7/4/16,
54,"Hamburger sésame 4"" 12",2405,7/5/16,
54,"Hamburger sésame 4"" 12",1526,7/6/16,
54,"Hamburger sésame 4"" 12",2456,7/7/16,
54,"Hamburger sésame 4"" 12",2324,7/8/16,
54,"Hamburger sésame 4"" 12",3059,7/9/16,
54,"Hamburger sésame 4"" 12",62,7/11/16,
54,"Hamburger sésame 4"" 12",1770,7/12/16,
54,"Hamburger sésame 4"" 12",1041,7/13/16,
54,"Hamburger sésame 4"" 12",1887,7/14/16,
54,"Hamburger sésame 4"" 12",1851,7/15/16,
54,"Hamburger sésame 4"" 12",3154,7/16/16,
54,"Hamburger sésame 4"" 12",57,7/18/16,
54,"Hamburger sésame 4"" 12",1710,7/19/16,
54,"Hamburger sésame 4"" 12",1223,7/20/16,
54,"Hamburger sésame 4"" 12",2054,7/21/16,
54,"Hamburger sésame 4"" 12",2261,7/22/16,
54,"Hamburger sésame 4"" 12",3334,7/23/16,
54,"Hamburger sésame 4"" 12",74,7/25/16,
54,"Hamburger sésame 4"" 12",1928,7/26/16,
54,"Hamburger sésame 4"" 12",1151,7/27/16,
54,"Hamburger sésame 4"" 12",2374,7/28/16,
54,"Hamburger sésame 4"" 12",2362,7/29/16,
54,"Hamburger sésame 4"" 12",3247,7/30/16,
54,"Hamburger sésame 4"" 12",56,8/1/16,
54,"Hamburger sésame 4"" 12",2148,8/2/16,
54,"Hamburger sésame 4"" 12",1242,8/3/16,
54,"Hamburger sésame 4"" 12",2110,8/4/16,
54,"Hamburger sésame 4"" 12",2161,8/5/16,
54,"Hamburger sésame 4"" 12",3167,8/6/16,
54,"Hamburger sésame 4"" 12",36,8/8/16,
54,"Hamburger sésame 4"" 12",1930,8/9/16,
54,"Hamburger sésame 4"" 12",1164,8/10/16,
54,"Hamburger sésame 4"" 12",1953,8/11/16,
54,"Hamburger sésame 4"" 12",2064,8/12/16,
54,"Hamburger sésame 4"" 12",3043,8/13/16,
54,"Hamburger sésame 4"" 12",73,8/15/16,
54,"Hamburger sésame 4"" 12",1457,8/16/16,
54,"Hamburger sésame 4"" 12",868,8/17/16,
54,"Hamburger sésame 4"" 12",1631,8/18/16,
54,"Hamburger sésame 4"" 12",2056,8/19/16,
54,"Hamburger sésame 4"" 12",2797,8/20/16,
54,"Hamburger sésame 4"" 12",46,8/22/16,
54,"Hamburger sésame 4"" 12",1689,8/23/16,
54,"Hamburger sésame 4"" 12",898,8/24/16,
54,"Hamburger sésame 4"" 12",1796,8/25/16,
54,"Hamburger sésame 4"" 12",1823,8/26/16,
54,"Hamburger sésame 4"" 12",2879,8/27/16,
54,"Hamburger sésame 4"" 12",52,8/29/16,
54,"Hamburger sésame 4"" 12",1525,8/30/16,
54,"Hamburger sésame 4"" 12",1174,8/31/16,
54,"Hamburger sésame 4"" 12",1944,9/1/16,
54,"Hamburger sésame 4"" 12",1935,9/2/16,
54,"Hamburger sésame 4"" 12",2775,9/3/16,
54,"Hamburger sésame 4"" 12",42,9/4/16,
54,"Hamburger sésame 4"" 12",1,9/5/16,
54,"Hamburger sésame 4"" 12",1742,9/6/16,
54,"Hamburger sésame 4"" 12",947,9/7/16,
54,"Hamburger sésame 4"" 12",1685,9/8/16,
54,"Hamburger sésame 4"" 12",1751,9/9/16,
54,"Hamburger sésame 4"" 12",2519,9/10/16,
54,"Hamburger sésame 4"" 12",59,9/12/16,
54,"Hamburger sésame 4"" 12",1330,9/13/16,
54,"Hamburger sésame 4"" 12",738,9/14/16,
54,"Hamburger sésame 4"" 12",1383,9/15/16,
54,"Hamburger sésame 4"" 12",1343,9/16/16,
54,"Hamburger sésame 4"" 12",2070,9/17/16,
54,"Hamburger sésame 4"" 12",57,9/19/16,
54,"Hamburger sésame 4"" 12",1351,9/20/16,
54,"Hamburger sésame 4"" 12",665,9/21/16,
54,"Hamburger sésame 4"" 12",1488,9/22/16,
54,"Hamburger sésame 4"" 12",1540,9/23/16,
54,"Hamburger sésame 4"" 12",2171,9/24/16,
54,"Hamburger sésame 4"" 12",22,9/25/16,
54,"Hamburger sésame 4"" 12",54,9/26/16,
54,"Hamburger sésame 4"" 12",1286,9/27/16,
54,"Hamburger sésame 4"" 12",735,9/28/16,
54,"Hamburger sésame 4"" 12",1156,9/29/16,
54,"Hamburger sésame 4"" 12",1285,9/30/16,
54,"Hamburger sésame 4"" 12",1750,10/1/16,
54,"Hamburger sésame 4"" 12",23,10/3/16,
54,"Hamburger sésame 4"" 12",1262,10/4/16,
54,"Hamburger sésame 4"" 12",629,10/5/16,
54,"Hamburger sésame 4"" 12",1094,10/6/16,
54,"Hamburger sésame 4"" 12",992,10/7/16,
54,"Hamburger sésame 4"" 12",1695,10/8/16,
54,"Hamburger sésame 4"" 12",22,10/9/16,
54,"Hamburger sésame 4"" 12",859,10/11/16,
54,"Hamburger sésame 4"" 12",519,10/12/16,
54,"Hamburger sésame 4"" 12",989,10/13/16,
54,"Hamburger sésame 4"" 12",778,10/14/16,
54,"Hamburger sésame 4"" 12",1538,10/15/16,
54,"Hamburger sésame 4"" 12",30,10/17/16,
54,"Hamburger sésame 4"" 12",1067,10/18/16,
54,"Hamburger sésame 4"" 12",742,10/19/16,
54,"Hamburger sésame 4"" 12",1033,10/20/16,
54,"Hamburger sésame 4"" 12",874,10/21/16,
54,"Hamburger sésame 4"" 12",1592,10/22/16,
54,"Hamburger sésame 4"" 12",29,10/24/16,
54,"Hamburger sésame 4"" 12",904,10/25/16,
54,"Hamburger sésame 4"" 12",549,10/26/16,
54,"Hamburger sésame 4"" 12",1000,10/27/16,
54,"Hamburger sésame 4"" 12",851,10/28/16,
54,"Hamburger sésame 4"" 12",1545,10/29/16,
54,"Hamburger sésame 4"" 12",14,10/31/16,
54,"Hamburger sésame 4"" 12",934,11/1/16,
54,"Hamburger sésame 4"" 12",540,11/2/16,
54,"Hamburger sésame 4"" 12",990,11/3/16,
54,"Hamburger sésame 4"" 12",824,11/4/16,
54,"Hamburger sésame 4"" 12",1547,11/5/16,
54,"Hamburger sésame 4"" 12",18,11/7/16,
54,"Hamburger sésame 4"" 12",1130,11/8/16,
54,"Hamburger sésame 4"" 12",557,11/9/16,
54,"Hamburger sésame 4"" 12",948,11/10/16,
54,"Hamburger sésame 4"" 12",902,11/11/16,
54,"Hamburger sésame 4"" 12",1590,11/12/16,
54,"Hamburger sésame 4"" 12",24,11/14/16,
54,"Hamburger sésame 4"" 12",1056,11/15/16,
54,"Hamburger sésame 4"" 12",595,11/16/16,
54,"Hamburger sésame 4"" 12",985,11/17/16,
54,"Hamburger sésame 4"" 12",863,11/18/16,
54,"Hamburger sésame 4"" 12",1515,11/19/16,
54,"Hamburger sésame 4"" 12",26,11/21/16,
54,"Hamburger sésame 4"" 12",955,11/22/16,
54,"Hamburger sésame 4"" 12",585,11/23/16,
54,"Hamburger sésame 4"" 12",877,11/24/16,
54,"Hamburger sésame 4"" 12",766,11/25/16,
54,"Hamburger sésame 4"" 12",1445,11/26/16,
54,"Hamburger sésame 4"" 12",32,11/28/16,
54,"Hamburger sésame 4"" 12",952,11/29/16,
54,"Hamburger sésame 4"" 12",499,11/30/16,
54,"Hamburger sésame 4"" 12",863,12/1/16,
54,"Hamburger sésame 4"" 12",896,12/2/16,
54,"Hamburger sésame 4"" 12",1467,12/3/16,
54,"Hamburger sésame 4"" 12",29,12/5/16,
54,"Hamburger sésame 4"" 12",284,12/6/16,
54,"Hamburger sésame 4"" 12",446,12/7/16,
54,"Hamburger sésame 4"" 12",1055,12/8/16,
54,"Hamburger sésame 4"" 12",852,12/9/16,
54,"Hamburger sésame 4"" 12",1621,12/10/16,
54,"Hamburger sésame 4"" 12",32,12/12/16,
54,"Hamburger sésame 4"" 12",947,12/13/16,
54,"Hamburger sésame 4"" 12",484,12/14/16,
54,"Hamburger sésame 4"" 12",788,12/15/16,
54,"Hamburger sésame 4"" 12",700,12/16/16,
54,"Hamburger sésame 4"" 12",1288,12/17/16,
54,"Hamburger sésame 4"" 12",21,12/19/16,
54,"Hamburger sésame 4"" 12",840,12/20/16,
54,"Hamburger sésame 4"" 12",494,12/21/16,
54,"Hamburger sésame 4"" 12",771,12/22/16,
54,"Hamburger sésame 4"" 12",635,12/23/16,
54,"Hamburger sésame 4"" 12",838,12/24/16,
54,"Hamburger sésame 4"" 12",16,12/26/16,
54,"Hamburger sésame 4"" 12",654,12/27/16,
54,"Hamburger sésame 4"" 12",393,12/28/16,
54,"Hamburger sésame 4"" 12",670,12/29/16,
54,"Hamburger sésame 4"" 12",667,12/30/16,
54,"Hamburger sésame 4"" 12",996,12/31/16,
62,Hotdog grillé 12,562,1/2/16,
62,Hotdog grillé 12,211,1/4/16,
62,Hotdog grillé 12,677,1/5/16,
62,Hotdog grillé 12,466,1/6/16,
62,Hotdog grillé 12,909,1/7/16,
62,Hotdog grillé 12,537,1/8/16,
62,Hotdog grillé 12,882,1/9/16,
62,Hotdog grillé 12,4,1/11/16,
62,Hotdog grillé 12,838,1/12/16,
62,Hotdog grillé 12,361,1/13/16,
62,Hotdog grillé 12,627,1/14/16,
62,Hotdog grillé 12,534,1/15/16,
62,Hotdog grillé 12,912,1/16/16,
62,Hotdog grillé 12,740,1/19/16,
62,Hotdog grillé 12,416,1/20/16,
62,Hotdog grillé 12,897,1/21/16,
62,Hotdog grillé 12,536,1/22/16,
62,Hotdog grillé 12,1014,1/23/16,
62,Hotdog grillé 12,2,1/24/16,
62,Hotdog grillé 12,7,1/25/16,
62,Hotdog grillé 12,634,1/26/16,
62,Hotdog grillé 12,374,1/27/16,
62,Hotdog grillé 12,797,1/28/16,
62,Hotdog grillé 12,607,1/29/16,
62,Hotdog grillé 12,1073,1/30/16,
62,Hotdog grillé 12,3,2/1/16,
62,Hotdog grillé 12,809,2/2/16,
62,Hotdog grillé 12,886,2/3/16,
62,Hotdog grillé 12,795,2/4/16,
62,Hotdog grillé 12,539,2/5/16,
62,Hotdog grillé 12,1153,2/6/16,
62,Hotdog grillé 12,687,2/9/16,
62,Hotdog grillé 12,338,2/10/16,
62,Hotdog grillé 12,958,2/11/16,
62,Hotdog grillé 12,633,2/12/16,
62,Hotdog grillé 12,985,2/13/16,
62,Hotdog grillé 12,849,2/16/16,
62,Hotdog grillé 12,359,2/17/16,
62,Hotdog grillé 12,591,2/18/16,
62,Hotdog grillé 12,615,2/19/16,
62,Hotdog grillé 12,1090,2/20/16,
62,Hotdog grillé 12,9,2/22/16,
62,Hotdog grillé 12,814,2/23/16,
62,Hotdog grillé 12,458,2/24/16,
62,Hotdog grillé 12,639,2/25/16,
62,Hotdog grillé 12,830,2/26/16,
62,Hotdog grillé 12,1020,2/27/16,
62,Hotdog grillé 12,1111,3/1/16,
62,Hotdog grillé 12,315,3/2/16,
62,Hotdog grillé 12,990,3/3/16,
62,Hotdog grillé 12,519,3/4/16,
62,Hotdog grillé 12,1227,3/5/16,
62,Hotdog grillé 12,835,3/8/16,
62,Hotdog grillé 12,603,3/9/16,
62,Hotdog grillé 12,684,3/10/16,
62,Hotdog grillé 12,259,3/11/16,
62,Hotdog grillé 12,1641,3/12/16,
62,Hotdog grillé 12,1043,3/15/16,
62,Hotdog grillé 12,362,3/16/16,
62,Hotdog grillé 12,725,3/17/16,
62,Hotdog grillé 12,727,3/18/16,
62,Hotdog grillé 12,1163,3/19/16,
62,Hotdog grillé 12,947,3/22/16,
62,Hotdog grillé 12,490,3/23/16,
62,Hotdog grillé 12,973,3/24/16,
62,Hotdog grillé 12,184,3/25/16,
62,Hotdog grillé 12,1365,3/26/16,
62,Hotdog grillé 12,722,3/29/16,
62,Hotdog grillé 12,621,3/30/16,
62,Hotdog grillé 12,822,3/31/16,
62,Hotdog grillé 12,719,4/1/16,
62,Hotdog grillé 12,1137,4/2/16,
62,Hotdog grillé 12,1025,4/5/16,
62,Hotdog grillé 12,373,4/6/16,
62,Hotdog grillé 12,1647,4/7/16,
62,Hotdog grillé 12,674,4/8/16,
62,Hotdog grillé 12,1295,4/9/16,
62,Hotdog grillé 12,6,4/11/16,
62,Hotdog grillé 12,857,4/12/16,
62,Hotdog grillé 12,373,4/13/16,
62,Hotdog grillé 12,963,4/14/16,
62,Hotdog grillé 12,1028,4/15/16,
62,Hotdog grillé 12,1849,4/16/16,
62,Hotdog grillé 12,8,4/18/16,
62,Hotdog grillé 12,988,4/19/16,
62,Hotdog grillé 12,517,4/20/16,
62,Hotdog grillé 12,1361,4/21/16,
62,Hotdog grillé 12,883,4/22/16,
62,Hotdog grillé 12,1999,4/23/16,
62,Hotdog grillé 12,5,4/25/16,
62,Hotdog grillé 12,1178,4/26/16,
62,Hotdog grillé 12,601,4/27/16,
62,Hotdog grillé 12,1304,4/28/16,
62,Hotdog grillé 12,1072,4/29/16,
62,Hotdog grillé 12,1950,4/30/16,
62,Hotdog grillé 12,15,5/2/16,
62,Hotdog grillé 12,310,5/3/16,
62,Hotdog grillé 12,521,5/4/16,
62,Hotdog grillé 12,1715,5/5/16,
62,Hotdog grillé 12,1319,5/6/16,
62,Hotdog grillé 12,2374,5/7/16,
62,Hotdog grillé 12,16,5/8/16,
62,Hotdog grillé 12,10,5/9/16,
62,Hotdog grillé 12,1561,5/10/16,
62,Hotdog grillé 12,591,5/11/16,
62,Hotdog grillé 12,1525,5/12/16,
62,Hotdog grillé 12,1741,5/13/16,
62,Hotdog grillé 12,2299,5/14/16,
62,Hotdog grillé 12,4,5/16/16,
62,Hotdog grillé 12,1571,5/17/16,
62,Hotdog grillé 12,1055,5/18/16,
62,Hotdog grillé 12,2344,5/19/16,
62,Hotdog grillé 12,1937,5/20/16,
62,Hotdog grillé 12,2883,5/21/16,
62,Hotdog grillé 12,88,5/23/16,
62,Hotdog grillé 12,1846,5/24/16,
62,Hotdog grillé 12,920,5/25/16,
62,Hotdog grillé 12,2205,5/26/16,
62,Hotdog grillé 12,1794,5/27/16,
62,Hotdog grillé 12,2817,5/28/16,
62,Hotdog grillé 12,3,5/30/16,
62,Hotdog grillé 12,1899,5/31/16,
62,Hotdog grillé 12,884,6/1/16,
62,Hotdog grillé 12,1994,6/2/16,
62,Hotdog grillé 12,1277,6/3/16,
62,Hotdog grillé 12,2918,6/4/16,
62,Hotdog grillé 12,1391,6/7/16,
62,Hotdog grillé 12,872,6/8/16,
62,Hotdog grillé 12,1650,6/9/16,
62,Hotdog grillé 12,1670,6/10/16,
62,Hotdog grillé 12,2317,6/11/16,
62,Hotdog grillé 12,8,6/12/16,
62,Hotdog grillé 12,1636,6/14/16,
62,Hotdog grillé 12,925,6/15/16,
62,Hotdog grillé 12,1924,6/16/16,
62,Hotdog grillé 12,2026,6/17/16,
62,Hotdog grillé 12,2796,6/18/16,
62,Hotdog grillé 12,0,6/19/16,
62,Hotdog grillé 12,12,6/20/16,
62,Hotdog grillé 12,1187,6/21/16,
62,Hotdog grillé 12,1373,6/22/16,
62,Hotdog grillé 12,2183,6/23/16,
62,Hotdog grillé 12,1355,6/24/16,
62,Hotdog grillé 12,3431,6/25/16,
62,Hotdog grillé 12,7,6/27/16,
62,Hotdog grillé 12,1477,6/28/16,
62,Hotdog grillé 12,1271,6/29/16,
62,Hotdog grillé 12,3209,6/30/16,
62,Hotdog grillé 12,101,7/1/16,
62,Hotdog grillé 12,3699,7/2/16,
62,Hotdog grillé 12,38,7/4/16,
62,Hotdog grillé 12,2102,7/5/16,
62,Hotdog grillé 12,932,7/6/16,
62,Hotdog grillé 12,1846,7/7/16,
62,Hotdog grillé 12,1612,7/8/16,
62,Hotdog grillé 12,2562,7/9/16,
62,Hotdog grillé 12,8,7/11/16,
62,Hotdog grillé 12,1446,7/12/16,
62,Hotdog grillé 12,617,7/13/16,
62,Hotdog grillé 12,1961,7/14/16,
62,Hotdog grillé 12,1455,7/15/16,
62,Hotdog grillé 12,3033,7/16/16,
62,Hotdog grillé 12,1211,7/19/16,
62,Hotdog grillé 12,688,7/20/16,
62,Hotdog grillé 12,1600,7/21/16,
62,Hotdog grillé 12,1662,7/22/16,
62,Hotdog grillé 12,2980,7/23/16,
62,Hotdog grillé 12,1771,7/26/16,
62,Hotdog grillé 12,1041,7/27/16,
62,Hotdog grillé 12,1825,7/28/16,
62,Hotdog grillé 12,1702,7/29/16,
62,Hotdog grillé 12,3027,7/30/16,
62,Hotdog grillé 12,0,8/1/16,
62,Hotdog grillé 12,1890,8/2/16,
62,Hotdog grillé 12,1033,8/3/16,
62,Hotdog grillé 12,2058,8/4/16,
62,Hotdog grillé 12,1884,8/5/16,
62,Hotdog grillé 12,2976,8/6/16,
62,Hotdog grillé 12,3,8/8/16,
62,Hotdog grillé 12,1553,8/9/16,
62,Hotdog grillé 12,984,8/10/16,
62,Hotdog grillé 12,1842,8/11/16,
62,Hotdog grillé 12,1646,8/12/16,
62,Hotdog grillé 12,2876,8/13/16,
62,Hotdog grillé 12,16,8/15/16,
62,Hotdog grillé 12,1120,8/16/16,
62,Hotdog grillé 12,544,8/17/16,
62,Hotdog grillé 12,1622,8/18/16,
62,Hotdog grillé 12,1615,8/19/16,
62,Hotdog grillé 12,2525,8/20/16,
62,Hotdog grillé 12,1095,8/23/16,
62,Hotdog grillé 12,1034,8/24/16,
62,Hotdog grillé 12,1284,8/25/16,
62,Hotdog grillé 12,1410,8/26/16,
62,Hotdog grillé 12,2516,8/27/16,
62,Hotdog grillé 12,4,8/29/16,
62,Hotdog grillé 12,1345,8/30/16,
62,Hotdog grillé 12,659,8/31/16,
62,Hotdog grillé 12,2170,9/1/16,
62,Hotdog grillé 12,1114,9/2/16,
62,Hotdog grillé 12,2174,9/3/16,
62,Hotdog grillé 12,1386,9/6/16,
62,Hotdog grillé 12,1127,9/7/16,
62,Hotdog grillé 12,1176,9/8/16,
62,Hotdog grillé 12,1240,9/9/16,
62,Hotdog grillé 12,1866,9/10/16,
62,Hotdog grillé 12,5,9/12/16,
62,Hotdog grillé 12,1098,9/13/16,
62,Hotdog grillé 12,524,9/14/16,
62,Hotdog grillé 12,982,9/15/16,
62,Hotdog grillé 12,584,9/16/16,
62,Hotdog grillé 12,1599,9/17/16,
62,Hotdog grillé 12,901,9/20/16,
62,Hotdog grillé 12,516,9/21/16,
62,Hotdog grillé 12,1398,9/22/16,
62,Hotdog grillé 12,785,9/23/16,
62,Hotdog grillé 12,1965,9/24/16,
62,Hotdog grillé 12,889,9/27/16,
62,Hotdog grillé 12,481,9/28/16,
62,Hotdog grillé 12,851,9/29/16,
62,Hotdog grillé 12,1029,9/30/16,
62,Hotdog grillé 12,1475,10/1/16,
62,Hotdog grillé 12,866,10/4/16,
62,Hotdog grillé 12,338,10/5/16,
62,Hotdog grillé 12,1281,10/6/16,
62,Hotdog grillé 12,632,10/7/16,
62,Hotdog grillé 12,1296,10/8/16,
62,Hotdog grillé 12,817,10/11/16,
62,Hotdog grillé 12,419,10/12/16,
62,Hotdog grillé 12,619,10/13/16,
62,Hotdog grillé 12,545,10/14/16,
62,Hotdog grillé 12,1399,10/15/16,
62,Hotdog grillé 12,959,10/18/16,
62,Hotdog grillé 12,319,10/19/16,
62,Hotdog grillé 12,745,10/20/16,
62,Hotdog grillé 12,752,10/21/16,
62,Hotdog grillé 12,1266,10/22/16,
62,Hotdog grillé 12,4,10/24/16,
62,Hotdog grillé 12,715,10/25/16,
62,Hotdog grillé 12,290,10/26/16,
62,Hotdog grillé 12,840,10/27/16,
62,Hotdog grillé 12,630,10/28/16,
62,Hotdog grillé 12,1472,10/29/16,
62,Hotdog grillé 12,930,11/1/16,
62,Hotdog grillé 12,1115,11/2/16,
62,Hotdog grillé 12,851,11/3/16,
62,Hotdog grillé 12,550,11/4/16,
62,Hotdog grillé 12,1277,11/5/16,
62,Hotdog grillé 12,6,11/7/16,
62,Hotdog grillé 12,958,11/8/16,
62,Hotdog grillé 12,384,11/9/16,
62,Hotdog grillé 12,719,11/10/16,
62,Hotdog grillé 12,620,11/11/16,
62,Hotdog grillé 12,1340,11/12/16,
62,Hotdog grillé 12,882,11/15/16,
62,Hotdog grillé 12,693,11/16/16,
62,Hotdog grillé 12,637,11/17/16,
62,Hotdog grillé 12,537,11/18/16,
62,Hotdog grillé 12,1278,11/19/16,
62,Hotdog grillé 12,810,11/22/16,
62,Hotdog grillé 12,547,11/23/16,
62,Hotdog grillé 12,694,11/24/16,
62,Hotdog grillé 12,621,11/25/16,
62,Hotdog grillé 12,1321,11/26/16,
62,Hotdog grillé 12,2,11/28/16,
62,Hotdog grillé 12,681,11/29/16,
62,Hotdog grillé 12,562,11/30/16,
62,Hotdog grillé 12,675,12/1/16,
62,Hotdog grillé 12,630,12/2/16,
62,Hotdog grillé 12,1162,12/3/16,
62,Hotdog grillé 12,660,12/6/16,
62,Hotdog grillé 12,283,12/7/16,
62,Hotdog grillé 12,559,12/8/16,
62,Hotdog grillé 12,581,12/9/16,
62,Hotdog grillé 12,1079,12/10/16,
62,Hotdog grillé 12,639,12/13/16,
62,Hotdog grillé 12,342,12/14/16,
62,Hotdog grillé 12,584,12/15/16,
62,Hotdog grillé 12,600,12/16/16,
62,Hotdog grillé 12,1345,12/17/16,
62,Hotdog grillé 12,734,12/20/16,
62,Hotdog grillé 12,674,12/21/16,
62,Hotdog grillé 12,657,12/22/16,
62,Hotdog grillé 12,431,12/23/16,
62,Hotdog grillé 12,752,12/24/16,
62,Hotdog grillé 12,506,12/27/16,
62,Hotdog grillé 12,236,12/28/16,
62,Hotdog grillé 12,966,12/29/16,
62,Hotdog grillé 12,639,12/30/16,
62,Hotdog grillé 12,891,12/31/16,
63,Hotdog 12,198,1/2/16,
63,Hotdog 12,93,1/4/16,
63,Hotdog 12,489,1/5/16,
63,Hotdog 12,136,1/6/16,
63,Hotdog 12,338,1/7/16,
63,Hotdog 12,701,1/8/16,
63,Hotdog 12,375,1/9/16,
63,Hotdog 12,309,1/12/16,
63,Hotdog 12,166,1/13/16,
63,Hotdog 12,257,1/14/16,
63,Hotdog 12,469,1/15/16,
63,Hotdog 12,579,1/16/16,
63,Hotdog 12,378,1/19/16,
63,Hotdog 12,151,1/20/16,
63,Hotdog 12,435,1/21/16,
63,Hotdog 12,295,1/22/16,
63,Hotdog 12,379,1/23/16,
63,Hotdog 12,307,1/26/16,
63,Hotdog 12,581,1/27/16,
63,Hotdog 12,367,1/28/16,
63,Hotdog 12,560,1/29/16,
63,Hotdog 12,562,1/30/16,
63,Hotdog 12,513,2/2/16,
63,Hotdog 12,161,2/3/16,
63,Hotdog 12,310,2/4/16,
63,Hotdog 12,719,2/5/16,
63,Hotdog 12,486,2/6/16,
63,Hotdog 12,16,2/8/16,
63,Hotdog 12,364,2/9/16,
63,Hotdog 12,174,2/10/16,
63,Hotdog 12,269,2/11/16,
63,Hotdog 12,542,2/12/16,
63,Hotdog 12,780,2/13/16,
63,Hotdog 12,282,2/16/16,
63,Hotdog 12,254,2/17/16,
63,Hotdog 12,383,2/18/16,
63,Hotdog 12,290,2/19/16,
63,Hotdog 12,469,2/20/16,
63,Hotdog 12,393,2/23/16,
63,Hotdog 12,545,2/24/16,
63,Hotdog 12,341,2/25/16,
63,Hotdog 12,624,2/26/16,
63,Hotdog 12,434,2/27/16,
63,Hotdog 12,300,3/1/16,
63,Hotdog 12,112,3/2/16,
63,Hotdog 12,449,3/3/16,
63,Hotdog 12,286,3/4/16,
63,Hotdog 12,534,3/5/16,
63,Hotdog 12,367,3/8/16,
63,Hotdog 12,182,3/9/16,
63,Hotdog 12,346,3/10/16,
63,Hotdog 12,572,3/11/16,
63,Hotdog 12,803,3/12/16,
63,Hotdog 12,405,3/15/16,
63,Hotdog 12,366,3/16/16,
63,Hotdog 12,542,3/17/16,
63,Hotdog 12,339,3/18/16,
63,Hotdog 12,542,3/19/16,
63,Hotdog 12,415,3/22/16,
63,Hotdog 12,508,3/23/16,
63,Hotdog 12,521,3/24/16,
63,Hotdog 12,112,3/25/16,
63,Hotdog 12,673,3/26/16,
63,Hotdog 12,442,3/29/16,
63,Hotdog 12,248,3/30/16,
63,Hotdog 12,386,3/31/16,
63,Hotdog 12,369,4/1/16,
63,Hotdog 12,624,4/2/16,
63,Hotdog 12,3,4/4/16,
63,Hotdog 12,455,4/5/16,
63,Hotdog 12,228,4/6/16,
63,Hotdog 12,499,4/7/16,
63,Hotdog 12,585,4/8/16,
63,Hotdog 12,838,4/9/16,
63,Hotdog 12,574,4/12/16,
63,Hotdog 12,330,4/13/16,
63,Hotdog 12,684,4/14/16,
63,Hotdog 12,495,4/15/16,
63,Hotdog 12,783,4/16/16,
63,Hotdog 12,24,4/18/16,
63,Hotdog 12,650,4/19/16,
63,Hotdog 12,736,4/20/16,
63,Hotdog 12,743,4/21/16,
63,Hotdog 12,887,4/22/16,
63,Hotdog 12,1376,4/23/16,
63,Hotdog 12,695,4/26/16,
63,Hotdog 12,278,4/27/16,
63,Hotdog 12,661,4/28/16,
63,Hotdog 12,562,4/29/16,
63,Hotdog 12,1213,4/30/16,
63,Hotdog 12,8,5/2/16,
63,Hotdog 12,835,5/3/16,
63,Hotdog 12,275,5/4/16,
63,Hotdog 12,856,5/5/16,
63,Hotdog 12,895,5/6/16,
63,Hotdog 12,1435,5/7/16,
63,Hotdog 12,26,5/9/16,
63,Hotdog 12,760,5/10/16,
63,Hotdog 12,457,5/11/16,
63,Hotdog 12,980,5/12/16,
63,Hotdog 12,875,5/13/16,
63,Hotdog 12,1449,5/14/16,
63,Hotdog 12,32,5/16/16,
63,Hotdog 12,882,5/17/16,
63,Hotdog 12,472,5/18/16,
63,Hotdog 12,1256,5/19/16,
63,Hotdog 12,1518,5/20/16,
63,Hotdog 12,1255,5/21/16,
63,Hotdog 12,1057,5/24/16,
63,Hotdog 12,487,5/25/16,
63,Hotdog 12,1232,5/26/16,
63,Hotdog 12,765,5/27/16,
63,Hotdog 12,1350,5/28/16,
63,Hotdog 12,20,5/30/16,
63,Hotdog 12,1045,5/31/16,
63,Hotdog 12,898,6/1/16,
63,Hotdog 12,1240,6/2/16,
63,Hotdog 12,1450,6/3/16,
63,Hotdog 12,1585,6/4/16,
63,Hotdog 12,-2,6/6/16,
63,Hotdog 12,847,6/7/16,
63,Hotdog 12,470,6/8/16,
63,Hotdog 12,1632,6/9/16,
63,Hotdog 12,666,6/10/16,
63,Hotdog 12,1067,6/11/16,
63,Hotdog 12,8,6/12/16,
63,Hotdog 12,1225,6/14/16,
63,Hotdog 12,908,6/15/16,
63,Hotdog 12,1159,6/16/16,
63,Hotdog 12,1267,6/17/16,
63,Hotdog 12,1687,6/18/16,
63,Hotdog 12,0,6/19/16,
63,Hotdog 12,863,6/21/16,
63,Hotdog 12,788,6/22/16,
63,Hotdog 12,1030,6/23/16,
63,Hotdog 12,941,6/24/16,
63,Hotdog 12,1289,6/25/16,
63,Hotdog 12,16,6/27/16,
63,Hotdog 12,1061,6/28/16,
63,Hotdog 12,1020,6/29/16,
63,Hotdog 12,1846,6/30/16,
63,Hotdog 12,52,7/1/16,
63,Hotdog 12,2103,7/2/16,
63,Hotdog 12,16,7/4/16,
63,Hotdog 12,1137,7/5/16,
63,Hotdog 12,567,7/6/16,
63,Hotdog 12,1313,7/7/16,
63,Hotdog 12,883,7/8/16,
63,Hotdog 12,1254,7/9/16,
63,Hotdog 12,16,7/11/16,
63,Hotdog 12,1001,7/12/16,
63,Hotdog 12,616,7/13/16,
63,Hotdog 12,1145,7/14/16,
63,Hotdog 12,1018,7/15/16,
63,Hotdog 12,1537,7/16/16,
63,Hotdog 12,875,7/19/16,
63,Hotdog 12,492,7/20/16,
63,Hotdog 12,942,7/21/16,
63,Hotdog 12,1001,7/22/16,
63,Hotdog 12,1202,7/23/16,
63,Hotdog 12,890,7/26/16,
63,Hotdog 12,384,7/27/16,
63,Hotdog 12,1202,7/28/16,
63,Hotdog 12,1567,7/29/16,
63,Hotdog 12,1273,7/30/16,
63,Hotdog 12,8,8/1/16,
63,Hotdog 12,844,8/2/16,
63,Hotdog 12,587,8/3/16,
63,Hotdog 12,1041,8/4/16,
63,Hotdog 12,1229,8/5/16,
63,Hotdog 12,1596,8/6/16,
63,Hotdog 12,16,8/8/16,
63,Hotdog 12,953,8/9/16,
63,Hotdog 12,706,8/10/16,
63,Hotdog 12,1177,8/11/16,
63,Hotdog 12,1040,8/12/16,
63,Hotdog 12,1323,8/13/16,
63,Hotdog 12,10,8/14/16,
63,Hotdog 12,16,8/15/16,
63,Hotdog 12,753,8/16/16,
63,Hotdog 12,276,8/17/16,
63,Hotdog 12,801,8/18/16,
63,Hotdog 12,942,8/19/16,
63,Hotdog 12,1447,8/20/16,
63,Hotdog 12,786,8/23/16,
63,Hotdog 12,566,8/24/16,
63,Hotdog 12,784,8/25/16,
63,Hotdog 12,1213,8/26/16,
63,Hotdog 12,1558,8/27/16,
63,Hotdog 12,749,8/30/16,
63,Hotdog 12,652,8/31/16,
63,Hotdog 12,970,9/1/16,
63,Hotdog 12,962,9/2/16,
63,Hotdog 12,1166,9/3/16,
63,Hotdog 12,796,9/6/16,
63,Hotdog 12,569,9/7/16,
63,Hotdog 12,659,9/8/16,
63,Hotdog 12,1162,9/9/16,
63,Hotdog 12,1023,9/10/16,
63,Hotdog 12,24,9/12/16,
63,Hotdog 12,593,9/13/16,
63,Hotdog 12,333,9/14/16,
63,Hotdog 12,816,9/15/16,
63,Hotdog 12,522,9/16/16,
63,Hotdog 12,606,9/17/16,
63,Hotdog 12,24,9/19/16,
63,Hotdog 12,720,9/20/16,
63,Hotdog 12,379,9/21/16,
63,Hotdog 12,709,9/22/16,
63,Hotdog 12,1559,9/23/16,
63,Hotdog 12,1156,9/24/16,
63,Hotdog 12,791,9/27/16,
63,Hotdog 12,339,9/28/16,
63,Hotdog 12,798,9/29/16,
63,Hotdog 12,409,9/30/16,
63,Hotdog 12,890,10/1/16,
63,Hotdog 12,462,10/4/16,
63,Hotdog 12,544,10/5/16,
63,Hotdog 12,494,10/6/16,
63,Hotdog 12,638,10/7/16,
63,Hotdog 12,780,10/8/16,
63,Hotdog 12,618,10/11/16,
63,Hotdog 12,245,10/12/16,
63,Hotdog 12,381,10/13/16,
63,Hotdog 12,484,10/14/16,
63,Hotdog 12,646,10/15/16,
63,Hotdog 12,418,10/18/16,
63,Hotdog 12,234,10/19/16,
63,Hotdog 12,382,10/20/16,
63,Hotdog 12,647,10/21/16,
63,Hotdog 12,806,10/22/16,
63,Hotdog 12,305,10/25/16,
63,Hotdog 12,219,10/26/16,
63,Hotdog 12,428,10/27/16,
63,Hotdog 12,444,10/28/16,
63,Hotdog 12,502,10/29/16,
63,Hotdog 12,498,11/1/16,
63,Hotdog 12,206,11/2/16,
63,Hotdog 12,426,11/3/16,
63,Hotdog 12,746,11/4/16,
63,Hotdog 12,719,11/5/16,
63,Hotdog 12,402,11/8/16,
63,Hotdog 12,265,11/9/16,
63,Hotdog 12,531,11/10/16,
63,Hotdog 12,376,11/11/16,
63,Hotdog 12,518,11/12/16,
63,Hotdog 12,423,11/15/16,
63,Hotdog 12,184,11/16/16,
63,Hotdog 12,336,11/17/16,
63,Hotdog 12,825,11/18/16,
63,Hotdog 12,862,11/19/16,
63,Hotdog 12,408,11/22/16,
63,Hotdog 12,282,11/23/16,
63,Hotdog 12,624,11/24/16,
63,Hotdog 12,280,11/25/16,
63,Hotdog 12,617,11/26/16,
63,Hotdog 12,8,11/28/16,
63,Hotdog 12,350,11/29/16,
63,Hotdog 12,193,11/30/16,
63,Hotdog 12,494,12/1/16,
63,Hotdog 12,839,12/2/16,
63,Hotdog 12,701,12/3/16,
63,Hotdog 12,559,12/6/16,
63,Hotdog 12,228,12/7/16,
63,Hotdog 12,366,12/8/16,
63,Hotdog 12,287,12/9/16,
63,Hotdog 12,885,12/10/16,
63,Hotdog 12,435,12/13/16,
63,Hotdog 12,134,12/14/16,
63,Hotdog 12,338,12/15/16,
63,Hotdog 12,842,12/16/16,
63,Hotdog 12,671,12/17/16,
63,Hotdog 12,425,12/20/16,
63,Hotdog 12,255,12/21/16,
63,Hotdog 12,278,12/22/16,
63,Hotdog 12,231,12/23/16,
63,Hotdog 12,244,12/24/16,
63,Hotdog 12,226,12/27/16,
63,Hotdog 12,573,12/28/16,
63,Hotdog 12,377,12/29/16,
63,Hotdog 12,192,12/30/16,
63,Hotdog 12,360,12/31/16,
65,Hotdog 8,676,1/2/16,
65,Hotdog 8,23,1/4/16,
65,Hotdog 8,541,1/5/16,
65,Hotdog 8,307,1/6/16,
65,Hotdog 8,461,1/7/16,
65,Hotdog 8,574,1/8/16,
65,Hotdog 8,640,1/9/16,
65,Hotdog 8,5,1/11/16,
65,Hotdog 8,578,1/12/16,
65,Hotdog 8,266,1/13/16,
65,Hotdog 8,446,1/14/16,
65,Hotdog 8,435,1/15/16,
65,Hotdog 8,694,1/16/16,
65,Hotdog 8,6,1/18/16,
65,Hotdog 8,625,1/19/16,
65,Hotdog 8,261,1/20/16,
65,Hotdog 8,502,1/21/16,
65,Hotdog 8,557,1/22/16,
65,Hotdog 8,815,1/23/16,
65,Hotdog 8,16,1/24/16,
65,Hotdog 8,623,1/26/16,
65,Hotdog 8,378,1/27/16,
65,Hotdog 8,380,1/28/16,
65,Hotdog 8,592,1/29/16,
65,Hotdog 8,711,1/30/16,
65,Hotdog 8,16,2/1/16,
65,Hotdog 8,670,2/2/16,
65,Hotdog 8,291,2/3/16,
65,Hotdog 8,480,2/4/16,
65,Hotdog 8,546,2/5/16,
65,Hotdog 8,817,2/6/16,
65,Hotdog 8,3,2/8/16,
65,Hotdog 8,544,2/9/16,
65,Hotdog 8,303,2/10/16,
65,Hotdog 8,431,2/11/16,
65,Hotdog 8,635,2/12/16,
65,Hotdog 8,756,2/13/16,
65,Hotdog 8,576,2/16/16,
65,Hotdog 8,315,2/17/16,
65,Hotdog 8,482,2/18/16,
65,Hotdog 8,601,2/19/16,
65,Hotdog 8,806,2/20/16,
65,Hotdog 8,2,2/22/16,
65,Hotdog 8,785,2/23/16,
65,Hotdog 8,307,2/24/16,
65,Hotdog 8,485,2/25/16,
65,Hotdog 8,649,2/26/16,
65,Hotdog 8,691,2/27/16,
65,Hotdog 8,610,3/1/16,
65,Hotdog 8,225,3/2/16,
65,Hotdog 8,519,3/3/16,
65,Hotdog 8,533,3/4/16,
65,Hotdog 8,868,3/5/16,
65,Hotdog 8,671,3/8/16,
65,Hotdog 8,317,3/9/16,
65,Hotdog 8,501,3/10/16,
65,Hotdog 8,630,3/11/16,
65,Hotdog 8,1034,3/12/16,
65,Hotdog 8,4,3/14/16,
65,Hotdog 8,760,3/15/16,
65,Hotdog 8,370,3/16/16,
65,Hotdog 8,587,3/17/16,
65,Hotdog 8,656,3/18/16,
65,Hotdog 8,974,3/19/16,
65,Hotdog 8,710,3/22/16,
65,Hotdog 8,298,3/23/16,
65,Hotdog 8,730,3/24/16,
65,Hotdog 8,72,3/25/16,
65,Hotdog 8,1050,3/26/16,
65,Hotdog 8,602,3/29/16,
65,Hotdog 8,326,3/30/16,
65,Hotdog 8,656,3/31/16,
65,Hotdog 8,622,4/1/16,
65,Hotdog 8,976,4/2/16,
65,Hotdog 8,2,4/4/16,
65,Hotdog 8,710,4/5/16,
65,Hotdog 8,344,4/6/16,
65,Hotdog 8,524,4/7/16,
65,Hotdog 8,551,4/8/16,
65,Hotdog 8,962,4/9/16,
65,Hotdog 8,11,4/11/16,
65,Hotdog 8,634,4/12/16,
65,Hotdog 8,407,4/13/16,
65,Hotdog 8,581,4/14/16,
65,Hotdog 8,905,4/15/16,
65,Hotdog 8,1034,4/16/16,
65,Hotdog 8,23,4/18/16,
65,Hotdog 8,1142,4/19/16,
65,Hotdog 8,615,4/20/16,
65,Hotdog 8,986,4/21/16,
65,Hotdog 8,1211,4/22/16,
65,Hotdog 8,1456,4/23/16,
65,Hotdog 8,0,4/24/16,
65,Hotdog 8,43,4/25/16,
65,Hotdog 8,1060,4/26/16,
65,Hotdog 8,544,4/27/16,
65,Hotdog 8,829,4/28/16,
65,Hotdog 8,1061,4/29/16,
65,Hotdog 8,972,4/30/16,
65,Hotdog 8,-9,5/2/16,
65,Hotdog 8,785,5/3/16,
65,Hotdog 8,479,5/4/16,
65,Hotdog 8,938,5/5/16,
65,Hotdog 8,1037,5/6/16,
65,Hotdog 8,1327,5/7/16,
65,Hotdog 8,6,5/9/16,
65,Hotdog 8,1017,5/10/16,
65,Hotdog 8,425,5/11/16,
65,Hotdog 8,842,5/12/16,
65,Hotdog 8,983,5/13/16,
65,Hotdog 8,1408,5/14/16,
65,Hotdog 8,12,5/16/16,
65,Hotdog 8,913,5/17/16,
65,Hotdog 8,617,5/18/16,
65,Hotdog 8,1289,5/19/16,
65,Hotdog 8,1567,5/20/16,
65,Hotdog 8,1811,5/21/16,
65,Hotdog 8,18,5/22/16,
65,Hotdog 8,14,5/23/16,
65,Hotdog 8,1158,5/24/16,
65,Hotdog 8,574,5/25/16,
65,Hotdog 8,1145,5/26/16,
65,Hotdog 8,1273,5/27/16,
65,Hotdog 8,1708,5/28/16,
65,Hotdog 8,36,5/30/16,
65,Hotdog 8,1265,5/31/16,
65,Hotdog 8,713,6/1/16,
65,Hotdog 8,1003,6/2/16,
65,Hotdog 8,1123,6/3/16,
65,Hotdog 8,1658,6/4/16,
65,Hotdog 8,20,6/6/16,
65,Hotdog 8,1007,6/7/16,
65,Hotdog 8,460,6/8/16,
65,Hotdog 8,902,6/9/16,
65,Hotdog 8,893,6/10/16,
65,Hotdog 8,1510,6/11/16,
65,Hotdog 8,37,6/13/16,
65,Hotdog 8,882,6/14/16,
65,Hotdog 8,629,6/15/16,
65,Hotdog 8,980,6/16/16,
65,Hotdog 8,1187,6/17/16,
65,Hotdog 8,1784,6/18/16,
65,Hotdog 8,38,6/20/16,
65,Hotdog 8,1118,6/21/16,
65,Hotdog 8,660,6/22/16,
65,Hotdog 8,1167,6/23/16,
65,Hotdog 8,1668,6/24/16,
65,Hotdog 8,1619,6/25/16,
65,Hotdog 8,65,6/27/16,
65,Hotdog 8,1337,6/28/16,
65,Hotdog 8,1169,6/29/16,
65,Hotdog 8,2234,6/30/16,
65,Hotdog 8,65,7/1/16,
65,Hotdog 8,2057,7/2/16,
65,Hotdog 8,57,7/3/16,
65,Hotdog 8,17,7/4/16,
65,Hotdog 8,1450,7/5/16,
65,Hotdog 8,623,7/6/16,
65,Hotdog 8,1214,7/7/16,
65,Hotdog 8,1319,7/8/16,
65,Hotdog 8,1586,7/9/16,
65,Hotdog 8,30,7/11/16,
65,Hotdog 8,1069,7/12/16,
65,Hotdog 8,692,7/13/16,
65,Hotdog 8,1298,7/14/16,
65,Hotdog 8,1234,7/15/16,
65,Hotdog 8,1715,7/16/16,
65,Hotdog 8,81,7/18/16,
65,Hotdog 8,1018,7/19/16,
65,Hotdog 8,648,7/20/16,
65,Hotdog 8,1225,7/21/16,
65,Hotdog 8,1270,7/22/16,
65,Hotdog 8,1683,7/23/16,
65,Hotdog 8,121,7/25/16,
65,Hotdog 8,1119,7/26/16,
65,Hotdog 8,594,7/27/16,
65,Hotdog 8,1197,7/28/16,
65,Hotdog 8,1417,7/29/16,
65,Hotdog 8,1762,7/30/16,
65,Hotdog 8,127,8/1/16,
65,Hotdog 8,1117,8/2/16,
65,Hotdog 8,558,8/3/16,
65,Hotdog 8,1080,8/4/16,
65,Hotdog 8,1191,8/5/16,
65,Hotdog 8,1467,8/6/16,
65,Hotdog 8,8,8/8/16,
65,Hotdog 8,902,8/9/16,
65,Hotdog 8,559,8/10/16,
65,Hotdog 8,912,8/11/16,
65,Hotdog 8,1009,8/12/16,
65,Hotdog 8,1531,8/13/16,
65,Hotdog 8,71,8/15/16,
65,Hotdog 8,747,8/16/16,
65,Hotdog 8,435,8/17/16,
65,Hotdog 8,775,8/18/16,
65,Hotdog 8,1039,8/19/16,
65,Hotdog 8,1328,8/20/16,
65,Hotdog 8,70,8/22/16,
65,Hotdog 8,648,8/23/16,
65,Hotdog 8,526,8/24/16,
65,Hotdog 8,695,8/25/16,
65,Hotdog 8,809,8/26/16,
65,Hotdog 8,1136,8/27/16,
65,Hotdog 8,57,8/29/16,
65,Hotdog 8,859,8/30/16,
65,Hotdog 8,560,8/31/16,
65,Hotdog 8,754,9/1/16,
65,Hotdog 8,1061,9/2/16,
65,Hotdog 8,1186,9/3/16,
65,Hotdog 8,52,9/4/16,
65,Hotdog 8,5,9/5/16,
65,Hotdog 8,861,9/6/16,
65,Hotdog 8,487,9/7/16,
65,Hotdog 8,739,9/8/16,
65,Hotdog 8,851,9/9/16,
65,Hotdog 8,1071,9/10/16,
65,Hotdog 8,40,9/12/16,
65,Hotdog 8,734,9/13/16,
65,Hotdog 8,385,9/14/16,
65,Hotdog 8,552,9/15/16,
65,Hotdog 8,631,9/16/16,
65,Hotdog 8,823,9/17/16,
65,Hotdog 8,7,9/19/16,
65,Hotdog 8,630,9/20/16,
65,Hotdog 8,449,9/21/16,
65,Hotdog 8,586,9/22/16,
65,Hotdog 8,646,9/23/16,
65,Hotdog 8,1048,9/24/16,
65,Hotdog 8,34,9/25/16,
65,Hotdog 8,44,9/26/16,
65,Hotdog 8,589,9/27/16,
65,Hotdog 8,372,9/28/16,
65,Hotdog 8,412,9/29/16,
65,Hotdog 8,519,9/30/16,
65,Hotdog 8,841,10/1/16,
65,Hotdog 8,11,10/3/16,
65,Hotdog 8,578,10/4/16,
65,Hotdog 8,360,10/5/16,
65,Hotdog 8,447,10/6/16,
65,Hotdog 8,489,10/7/16,
65,Hotdog 8,863,10/8/16,
65,Hotdog 8,7,10/9/16,
65,Hotdog 8,676,10/11/16,
65,Hotdog 8,298,10/12/16,
65,Hotdog 8,453,10/13/16,
65,Hotdog 8,488,10/14/16,
65,Hotdog 8,805,10/15/16,
65,Hotdog 8,28,10/17/16,
65,Hotdog 8,521,10/18/16,
65,Hotdog 8,327,10/19/16,
65,Hotdog 8,620,10/20/16,
65,Hotdog 8,497,10/21/16,
65,Hotdog 8,713,10/22/16,
65,Hotdog 8,36,10/24/16,
65,Hotdog 8,572,10/25/16,
65,Hotdog 8,398,10/26/16,
65,Hotdog 8,458,10/27/16,
65,Hotdog 8,443,10/28/16,
65,Hotdog 8,775,10/29/16,
65,Hotdog 8,33,10/31/16,
65,Hotdog 8,555,11/1/16,
65,Hotdog 8,267,11/2/16,
65,Hotdog 8,459,11/3/16,
65,Hotdog 8,489,11/4/16,
65,Hotdog 8,682,11/5/16,
65,Hotdog 8,33,11/7/16,
65,Hotdog 8,649,11/8/16,
65,Hotdog 8,350,11/9/16,
65,Hotdog 8,508,11/10/16,
65,Hotdog 8,618,11/11/16,
65,Hotdog 8,790,11/12/16,
65,Hotdog 8,19,11/14/16,
65,Hotdog 8,629,11/15/16,
65,Hotdog 8,289,11/16/16,
65,Hotdog 8,541,11/17/16,
65,Hotdog 8,612,11/18/16,
65,Hotdog 8,791,11/19/16,
65,Hotdog 8,46,11/21/16,
65,Hotdog 8,480,11/22/16,
65,Hotdog 8,352,11/23/16,
65,Hotdog 8,481,11/24/16,
65,Hotdog 8,461,11/25/16,
65,Hotdog 8,719,11/26/16,
65,Hotdog 8,45,11/28/16,
65,Hotdog 8,501,11/29/16,
65,Hotdog 8,313,11/30/16,
65,Hotdog 8,469,12/1/16,
65,Hotdog 8,501,12/2/16,
65,Hotdog 8,806,12/3/16,
65,Hotdog 8,19,12/5/16,
65,Hotdog 8,568,12/6/16,
65,Hotdog 8,341,12/7/16,
65,Hotdog 8,402,12/8/16,
65,Hotdog 8,491,12/9/16,
65,Hotdog 8,700,12/10/16,
65,Hotdog 8,15,12/12/16,
65,Hotdog 8,571,12/13/16,
65,Hotdog 8,213,12/14/16,
65,Hotdog 8,389,12/15/16,
65,Hotdog 8,379,12/16/16,
65,Hotdog 8,581,12/17/16,
65,Hotdog 8,48,12/18/16,
65,Hotdog 8,33,12/19/16,
65,Hotdog 8,322,12/20/16,
65,Hotdog 8,300,12/21/16,
65,Hotdog 8,425,12/22/16,
65,Hotdog 8,358,12/23/16,
65,Hotdog 8,528,12/24/16,
65,Hotdog 8,415,12/27/16,
65,Hotdog 8,295,12/28/16,
65,Hotdog 8,343,12/29/16,
65,Hotdog 8,414,12/30/16,
65,Hotdog 8,541,12/31/16,